product_id,product_name,product_image,product_price,shop_link,shop_name,shop_logo,review_score,review_score_count,company_name,amd_cpu_category,cpu_socket,cpu_gen,intel_cpu_category,cpu_tdp,cpu_maximum_clock
12625265,AMD 라이젠5-4세대 5600X (버미어) (멀티팩(정품)),https://img.danawa.com/prod_img/500000/265/625/img/12625265_1.jpg?shrink=330:330&_v=20220623161504,216730,https://prod.danawa.com/bridge/loadingBridge.html?cate1=861&cate2=873&cate3=960&cate4=0&pcode=12625265&cmpnyc=TH201&safe_trade=4&fee_type=T&link_pcode=4724965145&package=0&setpc=0&r=16678519037428,11번가,https://img.danawa.com/cmpny_info/images/TH201_logo.gif,4.8,3757,AMD ( 제조사 웹사이트 바로가기),라이젠5-4세대,AMD(소켓AM4),4세대(Zen3),,65W,4.6GHz
12621851,AMD 라이젠5-4세대 5600X (버미어) (정품),https://img.danawa.com/prod_img/500000/851/621/img/12621851_1.jpg?shrink=330:330&_v=20220607144645,206960,https://prod.danawa.com/bridge/loadingBridge.html?cate1=861&cate2=873&cate3=960&cate4=0&pcode=12621851&cmpnyc=TP40F&safe_trade=4&fee_type=T&link_pcode=P6809737863&package=0&setpc=0&r=16678518991037,쿠팡,https://img.danawa.com/cmpny_info/images/TP40F_logo.gif,4.7,138,AMD ( 제조사 웹사이트 바로가기),라이젠5-4세대,AMD(소켓AM4),4세대(Zen3),,65W,4.6GHz
4148314,인텔 펜티엄 E5200 (울프데일) (중고),https://img.danawa.com/prod_img/500000/314/148/img/4148314_1.jpg?shrink=330:330&_v=20181115121415,1410,https://prod.danawa.com/bridge/loadingBridge.html?cate1=861&cate2=873&cate3=959&cate4=0&pcode=4148314&cmpnyc=TH201&safe_trade=4&fee_type=T&link_pcode=1560979292&package=0&setpc=0&r=16678538029379,11번가,https://img.danawa.com/cmpny_info/images/TH201_logo.gif,4.5,7,인텔 펜티엄,,인텔(소켓775),,인텔(펜티엄),65W,
12487424,인텔 코어i3-10세대 10100F (코멧레이크S) (정품),https://img.danawa.com/prod_img/500000/424/487/img/12487424_1.jpg?shrink=330:330&_v=20210118161355,102700,https://prod.danawa.com/bridge/loadingBridge.html?cate1=861&cate2=873&cate3=959&cate4=0&pcode=12487424&cmpnyc=TH201&safe_trade=4&fee_type=T&link_pcode=4725594358&package=0&setpc=0&r=16678532326231,11번가,https://img.danawa.com/cmpny_info/images/TH201_logo.gif,4.8,335,인텔 ( 제조사 웹사이트 바로가기),,인텔(소켓1200),,코어i3-10세대,65W,4.3GHz
12622091,AMD 라이젠9-4세대 5900X (버미어) (정품),https://img.danawa.com/prod_img/500000/091/622/img/12622091_1.jpg?shrink=330:330&_v=20220801164447,475900,https://prod.danawa.com/bridge/loadingBridge.html?cate1=861&cate2=873&cate3=960&cate4=0&pcode=12622091&cmpnyc=TN920&safe_trade=4&fee_type=T&link_pcode=13672023582&package=0&setpc=0&r=16678520146978,티몬,https://img.danawa.com/cmpny_info/images/TN920_logo.gif,4.8,392,AMD ( 제조사 웹사이트 바로가기),라이젠9-4세대,AMD(소켓AM4),4세대(Zen3),,105W,4.8GHz
14927675,AMD 라이젠5-4세대 5600G (세잔) (멀티팩(정품)),https://img.danawa.com/prod_img/500000/675/927/img/14927675_1.jpg?shrink=330:330&_v=20220808090643,194890,https://prod.danawa.com/bridge/loadingBridge.html?cate1=861&cate2=873&cate3=960&cate4=0&pcode=14927675&cmpnyc=TH201&safe_trade=4&fee_type=T&link_pcode=4724910310&package=0&setpc=0&r=16678519589361,11번가,https://img.danawa.com/cmpny_info/images/TH201_logo.gif,4.9,576,AMD ( 제조사 웹사이트 바로가기),라이젠5-4세대,AMD(소켓AM4),4세대(Zen3),,65W,4.4GHz
12621953,AMD 라이젠7-4세대 5800X (버미어) (정품),https://img.danawa.com/prod_img/500000/953/621/img/12621953_1.jpg?shrink=330:330&_v=20220706171030,460380,https://prod.danawa.com/bridge/loadingBridge.html?cate1=861&cate2=873&cate3=960&cate4=0&pcode=12621953&cmpnyc=TH201&safe_trade=4&fee_type=T&link_pcode=3149992138&package=0&setpc=0&r=16678519823068,11번가,https://img.danawa.com/cmpny_info/images/TH201_logo.gif,4.8,123,AMD ( 제조사 웹사이트 바로가기),라이젠7-4세대,AMD(소켓AM4),4세대(Zen3),,105W,4.7GHz
12836186,AMD 라이젠7-4세대 5800X (버미어) (멀티팩(정품)),https://img.danawa.com/prod_img/500000/186/836/img/12836186_1.jpg?shrink=330:330&_v=20220706171030,362950,https://prod.danawa.com/bridge/loadingBridge.html?cate1=861&cate2=873&cate3=960&cate4=0&pcode=12836186&cmpnyc=TN920&safe_trade=4&fee_type=T&link_pcode=12073951534&package=0&setpc=0&r=16678519868310,티몬,https://img.danawa.com/cmpny_info/images/TN920_logo.gif,4.8,1665,AMD ( 제조사 웹사이트 바로가기),라이젠7-4세대,AMD(소켓AM4),4세대(Zen3),,105W,4.7GHz
16101179,인텔 코어i3-12세대 12100F (엘더레이크) (정품),https://img.danawa.com/prod_img/500000/179/101/img/16101179_1.jpg?shrink=330:330&_v=20220119172656,144830,https://prod.danawa.com/bridge/loadingBridge.html?cate1=861&cate2=873&cate3=959&cate4=0&pcode=16101179&cmpnyc=TH201&safe_trade=4&fee_type=T&link_pcode=4724306088&package=0&setpc=0&r=16678520383475,11번가,https://img.danawa.com/cmpny_info/images/TH201_logo.gif,4.8,160,인텔 ( 제조사 웹사이트 바로가기),,인텔(소켓1700),,코어i3-12세대,60~89W,4.3GHz
10861092,AMD 라이젠5-3세대 3600 (마티스) (멀티팩(정품)),https://img.danawa.com/prod_img/500000/092/861/img/10861092_1.jpg?shrink=330:330&_v=20201218162147,181520,https://prod.danawa.com/bridge/loadingBridge.html?cate1=861&cate2=873&cate3=960&cate4=0&pcode=10861092&cmpnyc=TH201&safe_trade=4&fee_type=T&link_pcode=3883638693&package=0&setpc=0&r=16678524186693,11번가,https://img.danawa.com/cmpny_info/images/TH201_logo.gif,4.8,871,AMD ( 제조사 웹사이트 바로가기),라이젠5-3세대,AMD(소켓AM4),3세대(Zen2),,65W,4.2GHz
11876521,AMD 라이젠7 PRO 4750G (르누아르) (멀티팩(정품)),https://img.danawa.com/prod_img/500000/521/876/img/11876521_1.jpg?shrink=330:330&_v=20210818173723,289990,https://prod.danawa.com/bridge/loadingBridge.html?cate1=861&cate2=873&cate3=960&cate4=0&pcode=11876521&cmpnyc=TH201&safe_trade=4&fee_type=T&link_pcode=4724892033&package=0&setpc=0&r=16678527543438,11번가,https://img.danawa.com/cmpny_info/images/TH201_logo.gif,4.7,52,AMD ( 제조사 웹사이트 바로가기),라이젠7 PRO,AMD(소켓AM4),3세대(Zen2),,65W,4.4GHz
11876443,AMD 라이젠5 PRO 4650G (르누아르) (멀티팩(정품)),https://img.danawa.com/prod_img/500000/443/876/img/11876443_1.jpg?shrink=330:330&_v=20220224155534,218710,https://prod.danawa.com/bridge/loadingBridge.html?cate1=861&cate2=873&cate3=960&cate4=0&pcode=11876443&cmpnyc=TT5316&safe_trade=4&fee_type=N&link_pcode=6902950853&package=0&setpc=0&r=16678522012886,주식회사 에스다컴퓨터,,4.8,562,AMD ( 제조사 웹사이트 바로가기),라이젠5 PRO,AMD(소켓AM4),3세대(Zen2),,65W,4.2GHz
11489973,인텔 코어i5-10세대 10400F (코멧레이크S) (정품),https://img.danawa.com/prod_img/500000/973/489/img/11489973_1.jpg?shrink=330:330&_v=20200611150507,174990,https://prod.danawa.com/bridge/loadingBridge.html?cate1=861&cate2=873&cate3=959&cate4=0&pcode=11489973&cmpnyc=TH201&safe_trade=4&fee_type=T&link_pcode=4325128185&package=0&setpc=0&r=16678522959098,11번가,https://img.danawa.com/cmpny_info/images/TH201_logo.gif,4.8,809,인텔 ( 제조사 웹사이트 바로가기),,인텔(소켓1200),,코어i5-10세대,65W,4.3GHz
16741211,AMD 라이젠5-4세대 5600 (버미어) (멀티팩(정품)),https://img.danawa.com/prod_img/500000/211/741/img/16741211_1.jpg?shrink=330:330&_v=20220530142319,175990,https://prod.danawa.com/bridge/loadingBridge.html?cate1=861&cate2=873&cate3=960&cate4=0&pcode=16741211&cmpnyc=TH201&safe_trade=4&fee_type=T&link_pcode=4724392050&package=0&setpc=0&r=16678518935085,11번가,https://img.danawa.com/cmpny_info/images/TH201_logo.gif,4.8,539,AMD ( 제조사 웹사이트 바로가기),라이젠5-4세대,AMD(소켓AM4),4세대(Zen3),,65W,4.4GHz
12622319,AMD 라이젠9-4세대 5950X (버미어) (정품),https://img.danawa.com/prod_img/500000/319/622/img/12622319_1.jpg?shrink=330:330&_v=20221004171552,696890,https://prod.danawa.com/bridge/loadingBridge.html?cate1=861&cate2=873&cate3=960&cate4=0&pcode=12622319&cmpnyc=TH201&safe_trade=4&fee_type=T&link_pcode=4947657533&package=0&setpc=0&r=16678521037571,11번가,https://img.danawa.com/cmpny_info/images/TH201_logo.gif,4.8,363,AMD ( 제조사 웹사이트 바로가기),라이젠9-4세대,AMD(소켓AM4),4세대(Zen3),,105W,4.9GHz
11308551,인텔 코어i5-10세대 10400 (코멧레이크S) (정품),https://img.danawa.com/prod_img/500000/551/308/img/11308551_1.jpg?shrink=330:330&_v=20210917090403,264540,https://prod.danawa.com/bridge/loadingBridge.html?cate1=861&cate2=873&cate3=959&cate4=0&pcode=11308551&cmpnyc=TH201&safe_trade=4&fee_type=T&link_pcode=2865141485&package=0&setpc=0&r=16678522636967,11번가,https://img.danawa.com/cmpny_info/images/TH201_logo.gif,4.8,1300,인텔 ( 제조사 웹사이트 바로가기),,인텔(소켓1200),,코어i5-10세대,65W,4.3GHz
16101353,인텔 코어i5-12세대 12400F (엘더레이크) (정품),https://img.danawa.com/prod_img/500000/353/101/img/16101353_1.jpg?shrink=330:330&_v=20220825172644,248530,https://prod.danawa.com/bridge/loadingBridge.html?cate1=861&cate2=873&cate3=959&cate4=0&pcode=16101353&cmpnyc=TH201&safe_trade=4&fee_type=T&link_pcode=4724320290&package=0&setpc=0&r=16678519296311,11번가,https://img.danawa.com/cmpny_info/images/TH201_logo.gif,4.8,668,인텔 ( 제조사 웹사이트 바로가기),,인텔(소켓1700),,코어i5-12세대,65~117W,4.4GHz
13619846,인텔 코어i5-11세대 11400 (로켓레이크S) (정품),https://img.danawa.com/prod_img/500000/846/619/img/13619846_1.jpg?shrink=330:330&_v=20211220170632,285990,https://prod.danawa.com/bridge/loadingBridge.html?cate1=861&cate2=873&cate3=959&cate4=0&pcode=13619846&cmpnyc=TH201&safe_trade=4&fee_type=T&link_pcode=3560988624&package=0&setpc=0&r=16678524902204,11번가,https://img.danawa.com/cmpny_info/images/TH201_logo.gif,4.8,460,인텔 ( 제조사 웹사이트 바로가기),,인텔(소켓1200),,코어i5-11세대,65W,4.4GHz
11876290,AMD 라이젠3 PRO 4350G (르누아르) (멀티팩(정품)),https://img.danawa.com/prod_img/500000/290/876/img/11876290_1.jpg?shrink=330:330&_v=20210818173732,149700,https://prod.danawa.com/bridge/loadingBridge.html?cate1=861&cate2=873&cate3=960&cate4=0&pcode=11876290&cmpnyc=PV203&safe_trade=4&fee_type=A&link_pcode=5565676921&package=0&setpc=0&r=16678524306532,컴오아시스,https://img.danawa.com/cmpny_info/images/PV203_logo.gif,4.8,355,AMD ( 제조사 웹사이트 바로가기),라이젠3 PRO,AMD(소켓AM4),3세대(Zen2),,65W,4.0GHz
9968202,AMD 애슬론 3000G (레이븐 릿지) (정품),https://img.danawa.com/prod_img/500000/202/968/img/9968202_1.jpg?shrink=330:330&_v=20220615165750,94800,https://prod.danawa.com/bridge/loadingBridge.html?cate1=861&cate2=873&cate3=960&cate4=0&pcode=9968202&cmpnyc=TJ918&safe_trade=4&fee_type=T&link_pcode=S5722332&package=0&setpc=0&r=16678533972033,전자랜드 프라이스킹,https://img.danawa.com/cmpny_info/images/TJ918_logo.gif,4.7,132,AMD ( 제조사 웹사이트 바로가기),애슬론 APU,AMD(소켓AM4),1세대(Zen),,35W,
4144594,인텔 코어2쿼드 Q6600 (켄츠필드) (중고),https://img.danawa.com/prod_img/500000/594/144/img/4144594_1.jpg?shrink=330:330&_v=20181120175112,3730,https://prod.danawa.com/bridge/loadingBridge.html?cate1=861&cate2=873&cate3=959&cate4=0&pcode=4144594&cmpnyc=TH201&safe_trade=4&fee_type=T&link_pcode=1997479247&package=0&setpc=0&r=16678535713747,11번가,https://img.danawa.com/cmpny_info/images/TH201_logo.gif,4.8,48,인텔 코어2쿼드,,인텔(소켓775),,인텔(코어2쿼드),,
13753334,인텔 코어i3-10세대 10105F (코멧레이크S 리프레시) (정품),https://img.danawa.com/prod_img/500000/334/753/img/13753334_1.jpg?shrink=330:330&_v=20210512151700,103050,https://prod.danawa.com/bridge/loadingBridge.html?cate1=861&cate2=873&cate3=959&cate4=0&pcode=13753334&cmpnyc=TH201&safe_trade=4&fee_type=T&link_pcode=4725580557&package=0&setpc=0&r=16678532132211,11번가,https://img.danawa.com/cmpny_info/images/TH201_logo.gif,4.8,270,인텔 ( 제조사 웹사이트 바로가기),,인텔(소켓1200),,코어i3-10세대,65W,4.4GHz
16872089,AMD 라이젠7-4세대 5800X3D (버미어) (정품),https://img.danawa.com/prod_img/500000/089/872/img/16872089_1.jpg?shrink=330:330&_v=20220427093829,536170,https://prod.danawa.com/bridge/loadingBridge.html?cate1=861&cate2=873&cate3=960&cate4=0&pcode=16872089&cmpnyc=TH201&safe_trade=4&fee_type=T&link_pcode=4981735002&package=0&setpc=0&r=16678519185669,11번가,https://img.danawa.com/cmpny_info/images/TH201_logo.gif,4.9,133,AMD ( 제조사 웹사이트 바로가기),라이젠7-4세대,AMD(소켓AM4),4세대(Zen3),,105W,4.5GHz
11405586,인텔 코어i7-10세대 10700 (코멧레이크S) (정품),https://img.danawa.com/prod_img/500000/586/405/img/11405586_1.jpg?shrink=330:330&_v=20210706093228,385100,https://prod.danawa.com/bridge/loadingBridge.html?cate1=861&cate2=873&cate3=959&cate4=0&pcode=11405586&cmpnyc=TH201&safe_trade=4&fee_type=T&link_pcode=4847291433&package=0&setpc=0&r=16678524374508,11번가,https://img.danawa.com/cmpny_info/images/TH201_logo.gif,4.8,414,인텔 ( 제조사 웹사이트 바로가기),,인텔(소켓1200),,코어i7-10세대,65W,4.8GHz
4147647,인텔 코어i3-2세대 2100 (샌디브릿지) (중고),https://img.danawa.com/prod_img/500000/647/147/img/4147647_1.jpg?shrink=330:330&_v=20200708150357,7100,https://prod.danawa.com/bridge/loadingBridge.html?cate1=861&cate2=873&cate3=959&cate4=0&pcode=4147647&cmpnyc=TH201&safe_trade=4&fee_type=T&link_pcode=3813391116&package=0&setpc=0&r=16678534397956,11번가,https://img.danawa.com/cmpny_info/images/TH201_logo.gif,4.7,82,인텔 코어i3-2세대,,인텔(소켓1155),,인텔(코어i3-2세대),65W,
472410,인텔 코어2듀오 E6600 (콘로) (중고),https://img.danawa.com/prod_img/large/group_944/472410_1.jpg?shrink=330:330&_v=20181115104236,3000,https://prod.danawa.com/bridge/loadingBridge.html?cate1=861&cate2=873&cate3=959&cate4=0&pcode=472410&cmpnyc=TUB21C&safe_trade=4&fee_type=N&link_pcode=6910888752&package=0&setpc=0&r=16678540917876,인리컴,,4.7,9,인텔 코어2듀오,,인텔(소켓775),,인텔(코어2듀오),65W,
15594263,인텔 코어i5-12세대 12600K (엘더레이크) (정품),https://img.danawa.com/prod_img/500000/263/594/img/15594263_1.jpg?shrink=330:330&_v=20220111133249,403150,https://prod.danawa.com/bridge/loadingBridge.html?cate1=861&cate2=873&cate3=959&cate4=0&pcode=15594263&cmpnyc=TH201&safe_trade=4&fee_type=T&link_pcode=4724226731&package=0&setpc=0&r=16678520686873,11번가,https://img.danawa.com/cmpny_info/images/TH201_logo.gif,4.8,250,인텔 ( 제조사 웹사이트 바로가기),,인텔(소켓1700),,코어i5-12세대,125~150W,4.9GHz
16101083,인텔 코어i3-12세대 12100 (엘더레이크) (정품),https://img.danawa.com/prod_img/500000/083/101/img/16101083_1.jpg?shrink=330:330&_v=20220526090928,195070,https://prod.danawa.com/bridge/loadingBridge.html?cate1=861&cate2=873&cate3=959&cate4=0&pcode=16101083&cmpnyc=TH201&safe_trade=4&fee_type=T&link_pcode=4724299236&package=0&setpc=0&r=16678520812128,11번가,https://img.danawa.com/cmpny_info/images/TH201_logo.gif,4.8,240,인텔 ( 제조사 웹사이트 바로가기),,인텔(소켓1700),,코어i3-12세대,60~89W,4.3GHz
13753394,인텔 코어i5-11세대 11400F (로켓레이크S) (정품),https://img.danawa.com/prod_img/500000/394/753/img/13753394_1.jpg?shrink=330:330&_v=20210330174823,213990,https://prod.danawa.com/bridge/loadingBridge.html?cate1=861&cate2=873&cate3=959&cate4=0&pcode=13753394&cmpnyc=TH201&safe_trade=4&fee_type=T&link_pcode=3637289199&package=0&setpc=0&r=16678521803984,11번가,https://img.danawa.com/cmpny_info/images/TH201_logo.gif,4.8,236,인텔 ( 제조사 웹사이트 바로가기),,인텔(소켓1200),,코어i5-11세대,65W,4.4GHz
11405337,인텔 코어i3-10세대 10100 (코멧레이크S) (정품),https://img.danawa.com/prod_img/500000/337/405/img/11405337_1.jpg?shrink=330:330&_v=20200707155835,173500,https://prod.danawa.com/bridge/loadingBridge.html?cate1=861&cate2=873&cate3=959&cate4=0&pcode=11405337&cmpnyc=TH201&safe_trade=4&fee_type=T&link_pcode=4111629803&package=0&setpc=0&r=16678523258807,11번가,https://img.danawa.com/cmpny_info/images/TH201_logo.gif,4.8,411,인텔 ( 제조사 웹사이트 바로가기),,인텔(소켓1200),,코어i3-10세대,65W,4.3GHz
17913311,AMD 라이젠5-5세대 7600X (라파엘) (정품),https://img.danawa.com/prod_img/500000/311/913/img/17913311_1.jpg?shrink=330:330&_v=20220927215958,441780,https://prod.danawa.com/bridge/loadingBridge.html?cate1=861&cate2=873&cate3=960&cate4=0&pcode=17913311&cmpnyc=EE128&safe_trade=4&fee_type=T&link_pcode=2595071413&package=0&setpc=0&r=16678521389629,G마켓,https://img.danawa.com/cmpny_info/images/EE128_logo.gif,5.0,4,AMD ( 제조사 웹사이트 바로가기),라이젠5-5세대,AMD(소켓AM5),5세대(Zen4),,105W,5.3GHz
11305233,인텔 코어i9-10세대 10900K (코멧레이크S) (정품),https://img.danawa.com/prod_img/500000/233/305/img/11305233_1.jpg?shrink=330:330&_v=20210708151631,570800,https://prod.danawa.com/bridge/loadingBridge.html?cate1=861&cate2=873&cate3=959&cate4=0&pcode=11305233&cmpnyc=TH201&safe_trade=4&fee_type=T&link_pcode=4325107340&package=0&setpc=0&r=16678524645015,11번가,https://img.danawa.com/cmpny_info/images/TH201_logo.gif,4.6,125,인텔 ( 제조사 웹사이트 바로가기),,인텔(소켓1200),,코어i9-10세대,125W,5.3GHz
11308485,인텔 코어i7-10세대 10700K (코멧레이크S) (정품),https://img.danawa.com/prod_img/500000/485/308/img/11308485_1.jpg?shrink=330:330&_v=20210106131950,460200,https://prod.danawa.com/bridge/loadingBridge.html?cate1=861&cate2=873&cate3=959&cate4=0&pcode=11308485&cmpnyc=TP40F&safe_trade=4&fee_type=T&link_pcode=P5384655851&package=0&setpc=0&r=16678527235567,쿠팡,https://img.danawa.com/cmpny_info/images/TP40F_logo.gif,4.6,275,인텔 ( 제조사 웹사이트 바로가기),,인텔(소켓1200),,코어i7-10세대,125W,5.1GHz
14927759,AMD 라이젠7-4세대 5700G (세잔) (멀티팩(정품)),https://img.danawa.com/prod_img/500000/759/927/img/14927759_1.jpg?shrink=330:330&_v=20220808091226,306890,https://prod.danawa.com/bridge/loadingBridge.html?cate1=861&cate2=873&cate3=960&cate4=0&pcode=14927759&cmpnyc=TH201&safe_trade=4&fee_type=T&link_pcode=4724958086&package=0&setpc=0&r=16678521231621,11번가,https://img.danawa.com/cmpny_info/images/TH201_logo.gif,4.8,175,AMD ( 제조사 웹사이트 바로가기),라이젠7-4세대,AMD(소켓AM4),4세대(Zen3),,65W,4.6GHz
13620026,인텔 코어i9-11세대 11900K (로켓레이크S) (정품),https://img.danawa.com/prod_img/500000/026/620/img/13620026_1.jpg?shrink=330:330&_v=20210729095945,647170,https://prod.danawa.com/bridge/loadingBridge.html?cate1=861&cate2=873&cate3=959&cate4=0&pcode=13620026&cmpnyc=EE128&safe_trade=4&fee_type=T&link_pcode=2083363872&package=0&setpc=0&r=16678524778114,G마켓,https://img.danawa.com/cmpny_info/images/EE128_logo.gif,4.7,72,인텔 ( 제조사 웹사이트 바로가기),,인텔(소켓1200),,코어i9-11세대,125W,5.3GHz
16741349,AMD 라이젠7-4세대 5700X (버미어) (멀티팩(정품)),https://img.danawa.com/prod_img/500000/349/741/img/16741349_1.jpg?shrink=330:330&_v=20220919142319,308370,https://prod.danawa.com/bridge/loadingBridge.html?cate1=861&cate2=873&cate3=960&cate4=0&pcode=16741349&cmpnyc=TH201&safe_trade=4&fee_type=T&link_pcode=4328889108&package=0&setpc=0&r=16678520287163,11번가,https://img.danawa.com/cmpny_info/images/TH201_logo.gif,4.9,48,AMD ( 제조사 웹사이트 바로가기),라이젠7-4세대,AMD(소켓AM4),4세대(Zen3),,65W,4.6GHz
15594638,인텔 코어i7-12세대 12700K (엘더레이크) (정품),https://img.danawa.com/prod_img/500000/638/594/img/15594638_1.jpg?shrink=330:330&_v=20220111160408,519480,https://prod.danawa.com/bridge/loadingBridge.html?cate1=861&cate2=873&cate3=959&cate4=0&pcode=15594638&cmpnyc=TH201&safe_trade=4&fee_type=T&link_pcode=4724243280&package=0&setpc=0&r=16678520013973,11번가,https://img.danawa.com/cmpny_info/images/TH201_logo.gif,4.8,273,인텔 ( 제조사 웹사이트 바로가기),,인텔(소켓1700),,코어i7-12세대,125~190W,5.0GHz
15594887,인텔 코어i9-12세대 12900K (엘더레이크) (정품),https://img.danawa.com/prod_img/500000/887/594/img/15594887_1.jpg?shrink=330:330&_v=20220701135603,769860,https://prod.danawa.com/bridge/loadingBridge.html?cate1=861&cate2=873&cate3=959&cate4=0&pcode=15594887&cmpnyc=TH201&safe_trade=4&fee_type=T&link_pcode=4724267808&package=0&setpc=0&r=16678522081631,11번가,https://img.danawa.com/cmpny_info/images/TH201_logo.gif,4.8,140,인텔 ( 제조사 웹사이트 바로가기),,인텔(소켓1700),,코어i9-12세대,125~241W,5.2GHz
16100840,인텔 셀러론 G6900 (엘더레이크) (정품),https://img.danawa.com/prod_img/500000/840/100/img/16100840_1.jpg?shrink=330:330&_v=20220221110621,58600,https://prod.danawa.com/bridge/loadingBridge.html?cate1=861&cate2=873&cate3=959&cate4=0&pcode=16100840&cmpnyc=TJ418&safe_trade=4&fee_type=T&link_pcode=0017000801&package=0&setpc=0&r=16678523951053,롯데하이마트,https://img.danawa.com/cmpny_info/images/TJ418_logo.gif,4.1,11,인텔 ( 제조사 웹사이트 바로가기),,인텔(소켓1700),,셀러론,46W,
15137684,AMD 라이젠5-4세대 5600X (버미어) (멀티팩(프리즘팩)),https://img.danawa.com/prod_img/500000/684/137/img/15137684_1.jpg?shrink=330:330&_v=20220607144645,267600,https://prod.danawa.com/bridge/loadingBridge.html?cate1=861&cate2=873&cate3=960&cate4=0&pcode=15137684&cmpnyc=TH201&safe_trade=4&fee_type=T&link_pcode=5026017454&package=0&setpc=0&r=16678519087773,11번가,https://img.danawa.com/cmpny_info/images/TH201_logo.gif,4.7,149,AMD ( 제조사 웹사이트 바로가기),라이젠5-4세대,AMD(소켓AM4),4세대(Zen3),,65W,4.6GHz
11405214,인텔 펜티엄 골드 G6400 (코멧레이크S) (정품),https://img.danawa.com/prod_img/500000/214/405/img/11405214_1.jpg?shrink=330:330&_v=20210916175945,92900,https://prod.danawa.com/bridge/loadingBridge.html?cate1=861&cate2=873&cate3=959&cate4=0&pcode=11405214&cmpnyc=PP402&safe_trade=4&fee_type=A&link_pcode=11405214&package=0&setpc=0&r=16678523663798,아이티엔조이,https://img.danawa.com/cmpny_info/images/PP402_logo.gif,4.9,233,인텔 ( 제조사 웹사이트 바로가기),,인텔(소켓1200),,펜티엄 골드,58W,
12625094,AMD 라이젠3-3세대 3300X (마티스) (멀티팩(정품)),https://img.danawa.com/prod_img/500000/094/625/img/12625094_1.jpg?shrink=330:330&_v=20221004171841,489000,https://prod.danawa.com/bridge/loadingBridge.html?cate1=861&cate2=873&cate3=960&cate4=0&pcode=12625094&cmpnyc=TP40F&safe_trade=4&fee_type=T&link_pcode=P1702696078&package=0&setpc=0&r=16678532938135,쿠팡,https://img.danawa.com/cmpny_info/images/TP40F_logo.gif,4.8,215,AMD 라이젠3-3세대,라이젠3-3세대,AMD(소켓AM4),3세대(Zen2),,65W,4.3GHz
16100921,인텔 펜티엄 골드 G7400 (엘더레이크) (정품),https://img.danawa.com/prod_img/500000/921/100/img/16100921_1.jpg?shrink=330:330&_v=20220302110043,118300,https://prod.danawa.com/bridge/loadingBridge.html?cate1=861&cate2=873&cate3=959&cate4=0&pcode=16100921&cmpnyc=TH201&safe_trade=4&fee_type=T&link_pcode=4724289408&package=0&setpc=0&r=16678523152634,11번가,https://img.danawa.com/cmpny_info/images/TH201_logo.gif,4.9,24,인텔 ( 제조사 웹사이트 바로가기),,인텔(소켓1700),,펜티엄 골드,46W,
8460291,AMD 라이젠3-2세대 3200G (피카소) (정품),https://img.danawa.com/prod_img/500000/291/460/img/8460291_1.jpg?shrink=330:330&_v=20221102171731,130910,https://prod.danawa.com/bridge/loadingBridge.html?cate1=861&cate2=873&cate3=960&cate4=0&pcode=8460291&cmpnyc=TH201&safe_trade=4&fee_type=T&link_pcode=2477200479&package=0&setpc=0&r=16678526521354,11번가,https://img.danawa.com/cmpny_info/images/TH201_logo.gif,4.8,634,AMD ( 제조사 웹사이트 바로가기),라이젠3-2세대,AMD(소켓AM4),2세대(Zen+),,65W,4GHz
16740791,AMD 라이젠5-4세대 5500 (세잔) (정품),https://img.danawa.com/prod_img/500000/791/740/img/16740791_1.jpg?shrink=330:330&_v=20220406125620,157890,https://prod.danawa.com/bridge/loadingBridge.html?cate1=861&cate2=873&cate3=960&cate4=0&pcode=16740791&cmpnyc=TH201&safe_trade=4&fee_type=T&link_pcode=4724388369&package=0&setpc=0&r=16678522559181,11번가,https://img.danawa.com/cmpny_info/images/TH201_logo.gif,4.8,11,AMD ( 제조사 웹사이트 바로가기),라이젠5-4세대,AMD(소켓AM4),4세대(Zen3),,65W,4.2GHz
16101326,인텔 코어i5-12세대 12400 (엘더레이크) (정품),https://img.danawa.com/prod_img/500000/326/101/img/16101326_1.jpg?shrink=330:330&_v=20220526090716,304720,https://prod.danawa.com/bridge/loadingBridge.html?cate1=861&cate2=873&cate3=959&cate4=0&pcode=16101326&cmpnyc=TH201&safe_trade=4&fee_type=T&link_pcode=4724314094&package=0&setpc=0&r=16678520535398,11번가,https://img.danawa.com/cmpny_info/images/TH201_logo.gif,4.9,248,인텔 ( 제조사 웹사이트 바로가기),,인텔(소켓1700),,코어i5-12세대,65~117W,4.4GHz
4144198,인텔 코어i5-2세대 2500 (샌디브릿지) (중고),https://img.danawa.com/prod_img/500000/198/144/img/4144198_1.jpg?shrink=330:330&_v=20200708143631,13240,https://prod.danawa.com/bridge/loadingBridge.html?cate1=861&cate2=873&cate3=959&cate4=0&pcode=4144198&cmpnyc=TH201&safe_trade=4&fee_type=T&link_pcode=4539361705&package=0&setpc=0&r=16678533414244,11번가,https://img.danawa.com/cmpny_info/images/TH201_logo.gif,4.7,301,인텔 코어i5-2세대,,인텔(소켓1155),,인텔(코어i5-2세대),95W,3.7GHz
12122969,인텔 셀러론 G5905 (코멧레이크S) (정품),https://img.danawa.com/prod_img/500000/969/122/img/12122969_1.jpg?shrink=330:330&_v=20220627154848,66750,https://prod.danawa.com/bridge/loadingBridge.html?cate1=861&cate2=873&cate3=959&cate4=0&pcode=12122969&cmpnyc=TH201&safe_trade=4&fee_type=T&link_pcode=3560988856&package=0&setpc=0&r=16678525037423,11번가,https://img.danawa.com/cmpny_info/images/TH201_logo.gif,4.8,111,인텔 ( 제조사 웹사이트 바로가기),,인텔(소켓1200),,셀러론,58W,
4143989,인텔 코어2듀오 E8500 (울프데일) (중고),https://img.danawa.com/prod_img/500000/989/143/img/4143989_1.jpg?shrink=330:330&_v=20181115105046,3490,https://prod.danawa.com/bridge/loadingBridge.html?cate1=861&cate2=873&cate3=959&cate4=0&pcode=4143989&cmpnyc=TH201&safe_trade=4&fee_type=T&link_pcode=1694201045&package=0&setpc=0&r=16678535065770,11번가,https://img.danawa.com/cmpny_info/images/TH201_logo.gif,4.6,165,인텔 코어2듀오,,인텔(소켓775),,인텔(코어2듀오),65W,
4144546,인텔 코어i5-1세대 750 (린필드) (중고),https://img.danawa.com/prod_img/500000/546/144/img/4144546_1.jpg?shrink=330:330&_v=20181115121030,3600,https://prod.danawa.com/bridge/loadingBridge.html?cate1=861&cate2=873&cate3=959&cate4=0&pcode=4144546&cmpnyc=PR805&safe_trade=4&fee_type=A&link_pcode=5525234099&package=0&setpc=0&r=16678533844621,아이스타피씨,https://img.danawa.com/cmpny_info/images/PR805_logo.gif,4.5,35,인텔 코어i5-1세대,,인텔(소켓1156),,인텔(코어i5),95W,
13619990,인텔 코어i7-11세대 11700K (로켓레이크S) (정품),https://img.danawa.com/prod_img/500000/990/619/img/13619990_1.jpg?shrink=330:330&_v=20211228125436,544380,https://prod.danawa.com/bridge/loadingBridge.html?cate1=861&cate2=873&cate3=959&cate4=0&pcode=13619990&cmpnyc=TH201&safe_trade=4&fee_type=T&link_pcode=4725219659&package=0&setpc=0&r=16678526262436,11번가,https://img.danawa.com/cmpny_info/images/TH201_logo.gif,4.9,102,인텔 ( 제조사 웹사이트 바로가기),,인텔(소켓1200),,코어i7-11세대,125W,5.0GHz
13619897,인텔 코어i5-11세대 11500 (로켓레이크S) (정품),https://img.danawa.com/prod_img/500000/897/619/img/13619897_1.jpg?shrink=330:330&_v=20210317000025,335000,https://prod.danawa.com/bridge/loadingBridge.html?cate1=861&cate2=873&cate3=959&cate4=0&pcode=13619897&cmpnyc=PP402&safe_trade=4&fee_type=A&link_pcode=13619897&package=0&setpc=0&r=16678526669528,아이티엔조이,https://img.danawa.com/cmpny_info/images/PP402_logo.gif,4.8,191,인텔 ( 제조사 웹사이트 바로가기),,인텔(소켓1200),,코어i5-11세대,65W,4.6GHz
4143917,AMD FX 8300 (비쉐라) (중고),https://img.danawa.com/prod_img/500000/917/143/img/4143917_1.jpg?shrink=330:330&_v=20200408165623,47990,https://prod.danawa.com/bridge/loadingBridge.html?cate1=861&cate2=873&cate3=960&cate4=0&pcode=4143917&cmpnyc=EE128&safe_trade=4&fee_type=T&link_pcode=1142542097&package=0&setpc=0&r=16678537105031,G마켓,https://img.danawa.com/cmpny_info/images/EE128_logo.gif,4.1,8,AMD FX,FX,AMD(소켓AM3+),,,95W,4.2GHz
16740590,AMD 라이젠3-3세대 4100 (르누아르-X) (멀티팩(정품)),https://img.danawa.com/prod_img/500000/590/740/img/16740590_1.jpg?shrink=330:330&_v=20220919102134,84900,https://prod.danawa.com/bridge/loadingBridge.html?cate1=861&cate2=873&cate3=960&cate4=0&pcode=16740590&cmpnyc=EE128&safe_trade=4&fee_type=T&link_pcode=2518110596&package=0&setpc=0&r=16678522849411,G마켓,https://img.danawa.com/cmpny_info/images/EE128_logo.gif,4.5,11,AMD ( 제조사 웹사이트 바로가기),라이젠3-3세대,AMD(소켓AM4),3세대(Zen2),,65W,4.0GHz
16101398,인텔 코어i5-12세대 12500 (엘더레이크) (정품),https://img.danawa.com/prod_img/500000/398/101/img/16101398_1.jpg?shrink=330:330&_v=20220119173237,332750,https://prod.danawa.com/bridge/loadingBridge.html?cate1=861&cate2=873&cate3=959&cate4=0&pcode=16101398&cmpnyc=TH201&safe_trade=4&fee_type=T&link_pcode=4724328855&package=0&setpc=0&r=16678521586903,11번가,https://img.danawa.com/cmpny_info/images/TH201_logo.gif,4.8,224,인텔 ( 제조사 웹사이트 바로가기),,인텔(소켓1700),,코어i5-12세대,65~117W,4.6GHz
13620101,인텔 펜티엄 골드 G6405 (코멧레이크S 리프레시) (정품),https://img.danawa.com/prod_img/500000/101/620/img/13620101_1.jpg?shrink=330:330&_v=20210714095925,89970,https://prod.danawa.com/bridge/loadingBridge.html?cate1=861&cate2=873&cate3=959&cate4=0&pcode=13620101&cmpnyc=TH201&safe_trade=4&fee_type=T&link_pcode=4725908585&package=0&setpc=0&r=16678531915061,11번가,https://img.danawa.com/cmpny_info/images/TH201_logo.gif,4.9,153,인텔 ( 제조사 웹사이트 바로가기),,인텔(소켓1200),,펜티엄 골드,58W,
4144494,인텔 코어2쿼드 Q9550 (요크필드) (중고),https://img.danawa.com/prod_img/500000/494/144/img/4144494_1.jpg?shrink=330:330&_v=20181115105919,16270,https://prod.danawa.com/bridge/loadingBridge.html?cate1=861&cate2=873&cate3=959&cate4=0&pcode=4144494&cmpnyc=TH201&safe_trade=4&fee_type=T&link_pcode=1694434103&package=0&setpc=0&r=16678535498148,11번가,https://img.danawa.com/cmpny_info/images/TH201_logo.gif,4.6,169,인텔 코어2쿼드,,인텔(소켓775),,인텔(코어2쿼드),95W,
15594446,인텔 코어i5-12세대 12600KF (엘더레이크) (정품),https://img.danawa.com/prod_img/500000/446/594/img/15594446_1.jpg?shrink=330:330&_v=20220111112347,386320,https://prod.danawa.com/bridge/loadingBridge.html?cate1=861&cate2=873&cate3=959&cate4=0&pcode=15594446&cmpnyc=TH201&safe_trade=4&fee_type=T&link_pcode=4724234805&package=0&setpc=0&r=16678521126325,11번가,https://img.danawa.com/cmpny_info/images/TH201_logo.gif,4.8,117,인텔 ( 제조사 웹사이트 바로가기),,인텔(소켓1700),,코어i5-12세대,125~150W,4.9GHz
12335819,인텔 셀러론 G5905 (코멧레이크S) (벌크),https://img.danawa.com/prod_img/500000/819/335/img/12335819_1.jpg?shrink=330:330&_v=20220627154848,49620,https://prod.danawa.com/bridge/loadingBridge.html?cate1=861&cate2=873&cate3=959&cate4=0&pcode=12335819&cmpnyc=TH201&safe_trade=4&fee_type=T&link_pcode=3637292719&package=0&setpc=0&r=16678525127801,11번가,https://img.danawa.com/cmpny_info/images/TH201_logo.gif,4.7,22,인텔 ( 제조사 웹사이트 바로가기),,인텔(소켓1200),,셀러론,58W,
8459829,AMD 라이젠7-3세대 3700X (마티스) (정품),https://img.danawa.com/prod_img/500000/829/459/img/8459829_1.jpg?shrink=330:330&_v=20220216155835,371280,https://prod.danawa.com/bridge/loadingBridge.html?cate1=861&cate2=873&cate3=960&cate4=0&pcode=8459829&cmpnyc=ED910&safe_trade=4&fee_type=T&link_pcode=9472081998&package=0&setpc=0&r=16678527397749,인터파크,https://img.danawa.com/cmpny_info/images/ED910_logo.gif,4.7,1502,AMD ( 제조사 웹사이트 바로가기),라이젠7-3세대,AMD(소켓AM4),3세대(Zen2),,65W,4.4GHz
13619981,인텔 코어i7-11세대 11700 (로켓레이크S) (정품),https://img.danawa.com/prod_img/500000/981/619/img/13619981_1.jpg?shrink=330:330&_v=20210504164204,531710,https://prod.danawa.com/bridge/loadingBridge.html?cate1=861&cate2=873&cate3=959&cate4=0&pcode=13619981&cmpnyc=PV203&safe_trade=4&fee_type=A&link_pcode=5565686353&package=0&setpc=0&r=16678526761922,컴오아시스,https://img.danawa.com/cmpny_info/images/PV203_logo.gif,4.9,116,인텔 ( 제조사 웹사이트 바로가기),,인텔(소켓1200),,코어i7-11세대,65W,4.9GHz
16155401,인텔 코어i3-12세대 12100F (엘더레이크) (벌크),https://img.danawa.com/prod_img/500000/401/155/img/16155401_1.jpg?shrink=330:330&_v=20220119172656,130790,https://prod.danawa.com/bridge/loadingBridge.html?cate1=861&cate2=873&cate3=959&cate4=0&pcode=16155401&cmpnyc=TH201&safe_trade=4&fee_type=T&link_pcode=4869658236&package=0&setpc=0&r=16678520467123,11번가,https://img.danawa.com/cmpny_info/images/TH201_logo.gif,4.9,24,인텔 ( 제조사 웹사이트 바로가기),,인텔(소켓1700),,코어i3-12세대,60~89W,4.3GHz
7059166,인텔 코어i5-9세대 9400F (커피레이크-R) (정품),https://img.danawa.com/prod_img/500000/166/059/img/7059166_1.jpg?shrink=330:330&_v=20200429104016,209270,https://prod.danawa.com/bridge/loadingBridge.html?cate1=861&cate2=873&cate3=959&cate4=0&pcode=7059166&cmpnyc=TH201&safe_trade=4&fee_type=T&link_pcode=3718146454&package=0&setpc=0&r=16678523431623,11번가,https://img.danawa.com/cmpny_info/images/TH201_logo.gif,4.7,1723,인텔 ( 제조사 웹사이트 바로가기),,인텔(소켓1151v2),,인텔(코어i5-9세대),65W,4.1GHz
11490279,인텔 코어i5-10세대 10400F (코멧레이크S) (벌크),https://img.danawa.com/prod_img/500000/279/490/img/11490279_1.jpg?shrink=330:330&_v=20200707160630,121410,https://prod.danawa.com/bridge/loadingBridge.html?cate1=861&cate2=873&cate3=959&cate4=0&pcode=11490279&cmpnyc=TN920&safe_trade=4&fee_type=T&link_pcode=13647780170&package=0&setpc=0&r=16678523064357,티몬,https://img.danawa.com/cmpny_info/images/TN920_logo.gif,4.8,222,인텔 ( 제조사 웹사이트 바로가기),,인텔(소켓1200),,코어i5-10세대,65W,4.3GHz
4143949,인텔 코어i5-4세대 4690 (하스웰 리프레시) (중고),https://img.danawa.com/prod_img/500000/949/143/img/4143949_1.jpg?shrink=330:330&_v=20181106115025,35000,https://prod.danawa.com/bridge/loadingBridge.html?cate1=861&cate2=873&cate3=959&cate4=0&pcode=4143949&cmpnyc=TU232&safe_trade=4&fee_type=N&link_pcode=6883825539&package=0&setpc=0&r=16678532761922,아이비컴즈,,4.6,429,인텔 코어i5-4세대,,인텔(소켓1150),,인텔(코어i5-4세대),84W,3.9GHz
12544700,인텔 코어i3-10세대 10100F (코멧레이크S) (벌크),https://img.danawa.com/prod_img/500000/700/544/img/12544700_1.jpg?shrink=330:330&_v=20201027135216,90080,https://prod.danawa.com/bridge/loadingBridge.html?cate1=861&cate2=873&cate3=959&cate4=0&pcode=12544700&cmpnyc=PO30C&safe_trade=4&fee_type=A&link_pcode=128112&package=0&setpc=0&r=16678532425582,피시포올,https://img.danawa.com/cmpny_info/images/PO30C_logo.gif,4.6,31,인텔 ( 제조사 웹사이트 바로가기),,인텔(소켓1200),,코어i3-10세대,65W,4.3GHz
11646593,인텔 코어i7-10세대 10700F (코멧레이크S) (정품),https://img.danawa.com/prod_img/500000/593/646/img/11646593_1.jpg?shrink=330:330&_v=20200716171817,384020,https://prod.danawa.com/bridge/loadingBridge.html?cate1=861&cate2=873&cate3=959&cate4=0&pcode=11646593&cmpnyc=PV203&safe_trade=4&fee_type=A&link_pcode=5565675848&package=0&setpc=0&r=16678525854862,컴오아시스,https://img.danawa.com/cmpny_info/images/PV203_logo.gif,4.8,153,인텔 ( 제조사 웹사이트 바로가기),,인텔(소켓1200),,코어i7-10세대,65W,4.8GHz
18038831,인텔 코어i5-13세대 13600KF (랩터레이크) (정품),https://img.danawa.com/prod_img/500000/831/038/img/18038831_1.jpg?shrink=330:330&_v=20221020215958,467300,https://prod.danawa.com/bridge/loadingBridge.html?cate1=861&cate2=873&cate3=959&cate4=0&pcode=18038831&cmpnyc=TP40F&safe_trade=4&fee_type=T&link_pcode=P6865020356&package=0&setpc=0&r=16678519661125,쿠팡,https://img.danawa.com/cmpny_info/images/TP40F_logo.gif,5.0,11,인텔 ( 제조사 웹사이트 바로가기),,인텔(소켓1700),,코어i5-13세대,,5.1GHz
14409386,인텔 코어i3-10세대 10105 (코멧레이크S 리프레시) (정품),https://img.danawa.com/prod_img/500000/386/409/img/14409386_1.jpg?shrink=330:330&_v=20211021174617,178020,https://prod.danawa.com/bridge/loadingBridge.html?cate1=861&cate2=873&cate3=959&cate4=0&pcode=14409386&cmpnyc=PP402&safe_trade=4&fee_type=A&link_pcode=14409386&package=0&setpc=0&r=16678533233687,아이티엔조이,https://img.danawa.com/cmpny_info/images/PP402_logo.gif,4.8,215,인텔 ( 제조사 웹사이트 바로가기),,인텔(소켓1200),,코어i3-10세대,65W,4.4GHz
12837425,AMD 라이젠9-4세대 5900X (버미어) (멀티팩(정품)),https://img.danawa.com/prod_img/500000/425/837/img/12837425_1.jpg?shrink=330:330&_v=20220801164447,495960,https://prod.danawa.com/bridge/loadingBridge.html?cate1=861&cate2=873&cate3=960&cate4=0&pcode=12837425&cmpnyc=TH201&safe_trade=4&fee_type=T&link_pcode=3637289780&package=0&setpc=0&r=16678520201273,11번가,https://img.danawa.com/cmpny_info/images/TH201_logo.gif,4.8,53,AMD ( 제조사 웹사이트 바로가기),라이젠9-4세대,AMD(소켓AM4),4세대(Zen3),,105W,4.8GHz
17381528,AMD 애슬론 PRO 300GE (피카소) (벌크),https://img.danawa.com/prod_img/500000/528/381/img/17381528_1.jpg?shrink=330:330&_v=20220706170330,69730,https://prod.danawa.com/bridge/loadingBridge.html?cate1=861&cate2=873&cate3=960&cate4=0&pcode=17381528&cmpnyc=TH201&safe_trade=4&fee_type=T&link_pcode=4948330547&package=0&setpc=0&r=16678532852730,11번가,https://img.danawa.com/cmpny_info/images/TH201_logo.gif,5.0,3,AMD 애슬론 PRO,애슬론 APU,AMD(소켓AM4),2세대(Zen+),,35W,3.4GHz
4766793,인텔 코어i5-4세대 4590 (하스웰 리프레시) (중고),https://img.danawa.com/prod_img/500000/793/766/img/4766793_1.jpg?shrink=330:330&_v=20181106114727,36060,https://prod.danawa.com/bridge/loadingBridge.html?cate1=861&cate2=873&cate3=959&cate4=0&pcode=4766793&cmpnyc=EE715&safe_trade=4&fee_type=T&link_pcode=C517626236&package=0&setpc=0&r=16678533459312,옥션,https://img.danawa.com/cmpny_info/images/EE715_logo.gif,4.6,57,인텔 코어i5-4세대,,인텔(소켓1150),,인텔(코어i5-4세대),84W,3.7GHz
1477490,인텔 코어i7-2세대 2600K (샌디브릿지) (중고),https://img.danawa.com/prod_img/500000/490/477/img/1477490_1.jpg?shrink=330:330&_v=20200708150003,36650,https://prod.danawa.com/bridge/loadingBridge.html?cate1=861&cate2=873&cate3=959&cate4=0&pcode=1477490&cmpnyc=EE128&safe_trade=4&fee_type=T&link_pcode=2349254034&package=0&setpc=0&r=16678535327440,G마켓,https://img.danawa.com/cmpny_info/images/EE128_logo.gif,4.9,12,인텔 코어i7-2세대,,인텔(소켓1155),,인텔(코어i7-2세대),95W,3.8GHz
17214128,AMD 라이젠5-3세대 4600G (르누아르) (멀티팩(정품)),https://img.danawa.com/prod_img/500000/128/214/img/17214128_1.jpg?shrink=330:330&_v=20220608180958,143490,https://prod.danawa.com/bridge/loadingBridge.html?cate1=861&cate2=873&cate3=960&cate4=0&pcode=17214128&cmpnyc=TH201&safe_trade=4&fee_type=T&link_pcode=4725420521&package=0&setpc=0&r=16678519516051,11번가,https://img.danawa.com/cmpny_info/images/TH201_logo.gif,4.8,79,AMD ( 제조사 웹사이트 바로가기),라이젠5-3세대,AMD(소켓AM4),3세대(Zen2),,65W,4.2GHz
11593217,인텔 코어i7-10세대 10700KF (코멧레이크S) (정품),https://img.danawa.com/prod_img/500000/217/593/img/11593217_1.jpg?shrink=330:330&_v=20211231103216,415000,http://shop.danawa.com/virtualestimate/?controller=estimate&methods=moveEstimateMiniShop&memberId=PL553&productSeq=11593217&serviceId=blog&marketPlaceSeq=33,㈜한마음아이티,https://img.danawa.com/cmpny_info/images/PL553_logo.gif,4.7,65,인텔 ( 제조사 웹사이트 바로가기),,인텔(소켓1200),,코어i7-10세대,125W,5.1GHz
16740674,AMD 라이젠5-3세대 4500 (르누아르-X) (멀티팩(정품)),https://img.danawa.com/prod_img/500000/674/740/img/16740674_1.jpg?shrink=330:330&_v=20220919102027,128020,https://prod.danawa.com/bridge/loadingBridge.html?cate1=861&cate2=873&cate3=960&cate4=0&pcode=16740674&cmpnyc=TH201&safe_trade=4&fee_type=T&link_pcode=4724384508&package=0&setpc=0&r=16678522883035,11번가,https://img.danawa.com/cmpny_info/images/TH201_logo.gif,5.0,2,AMD ( 제조사 웹사이트 바로가기),라이젠5-3세대,AMD(소켓AM4),3세대(Zen2),,65W,4.1GHz
4485420,인텔 코어2쿼드 Q9500 (요크필드) (중고),https://img.danawa.com/prod_img/500000/420/485/img/4485420_1.jpg?shrink=330:330&_v=20181115105702,8700,https://prod.danawa.com/bridge/loadingBridge.html?cate1=861&cate2=873&cate3=959&cate4=0&pcode=4485420&cmpnyc=TH201&safe_trade=4&fee_type=T&link_pcode=4128623261&package=0&setpc=0&r=16678535449817,11번가,https://img.danawa.com/cmpny_info/images/TH201_logo.gif,4.7,306,인텔 코어2쿼드,,인텔(소켓775),,인텔(코어2쿼드),95W,
11430906,인텔 코어i5-10세대 10600K (코멧레이크S) (정품),https://img.danawa.com/prod_img/500000/906/430/img/11430906_1.jpg?shrink=330:330&_v=20200707152823,389840,https://prod.danawa.com/bridge/loadingBridge.html?cate1=861&cate2=873&cate3=959&cate4=0&pcode=11430906&cmpnyc=EE715&safe_trade=4&fee_type=T&link_pcode=C677481783&package=0&setpc=0&r=16678530633607,옥션,https://img.danawa.com/cmpny_info/images/EE715_logo.gif,4.8,33,인텔 ( 제조사 웹사이트 바로가기),,인텔(소켓1200),,코어i5-10세대,125W,4.8GHz
16101464,인텔 코어i7-12세대 12700F (엘더레이크) (정품),https://img.danawa.com/prod_img/500000/464/101/img/16101464_1.jpg?shrink=330:330&_v=20220119173907,481890,https://prod.danawa.com/bridge/loadingBridge.html?cate1=861&cate2=873&cate3=959&cate4=0&pcode=16101464&cmpnyc=TH201&safe_trade=4&fee_type=T&link_pcode=4113497281&package=0&setpc=0&r=16678521696588,11번가,https://img.danawa.com/cmpny_info/images/TH201_logo.gif,4.8,232,인텔 ( 제조사 웹사이트 바로가기),,인텔(소켓1700),,코어i7-12세대,65~180W,4.9GHz
13619939,인텔 코어i5-11세대 11600K (로켓레이크S) (정품),https://img.danawa.com/prod_img/500000/939/619/img/13619939_1.jpg?shrink=330:330&_v=20211206094154,412490,https://prod.danawa.com/bridge/loadingBridge.html?cate1=861&cate2=873&cate3=959&cate4=0&pcode=13619939&cmpnyc=TH201&safe_trade=4&fee_type=T&link_pcode=4725180862&package=0&setpc=0&r=16678526143667,11번가,https://img.danawa.com/cmpny_info/images/TH201_logo.gif,4.7,32,인텔 ( 제조사 웹사이트 바로가기),,인텔(소켓1200),,코어i5-11세대,125W,4.9GHz
7914736,인텔 코어i3-9세대 9100F (커피레이크-R) (정품),https://img.danawa.com/prod_img/500000/736/914/img/7914736_1.jpg?shrink=330:330&_v=20200429104000,208170,https://prod.danawa.com/bridge/loadingBridge.html?cate1=861&cate2=873&cate3=959&cate4=0&pcode=7914736&cmpnyc=TP40F&safe_trade=4&fee_type=T&link_pcode=P265388210&package=0&setpc=0&r=16678529391812,쿠팡,https://img.danawa.com/cmpny_info/images/TP40F_logo.gif,4.8,670,인텔 ( 제조사 웹사이트 바로가기),,인텔(소켓1151v2),,인텔(코어i3-9세대),65W,4.2GHz
12401438,AMD 라이젠3-2세대 3200G (피카소) (멀티팩(정품)),https://img.danawa.com/prod_img/500000/438/401/img/12401438_1.jpg?shrink=330:330&_v=20221102171731,130980,https://prod.danawa.com/bridge/loadingBridge.html?cate1=861&cate2=873&cate3=960&cate4=0&pcode=12401438&cmpnyc=EE128&safe_trade=4&fee_type=T&link_pcode=2633462067&package=0&setpc=0&r=16678526579897,G마켓,https://img.danawa.com/cmpny_info/images/EE128_logo.gif,4.8,152,AMD ( 제조사 웹사이트 바로가기),라이젠3-2세대,AMD(소켓AM4),2세대(Zen+),,65W,4GHz
18039269,인텔 코어i5-13세대 13600K (랩터레이크) (정품),https://img.danawa.com/prod_img/500000/269/039/img/18039269_1.jpg?shrink=330:330&_v=20221020215958,484160,https://prod.danawa.com/bridge/loadingBridge.html?cate1=861&cate2=873&cate3=959&cate4=0&pcode=18039269&cmpnyc=EE715&safe_trade=4&fee_type=T&link_pcode=C781267332&package=0&setpc=0&r=16678519749173,옥션,https://img.danawa.com/cmpny_info/images/EE715_logo.gif,4.6,6,인텔 ( 제조사 웹사이트 바로가기),,인텔(소켓1700),,코어i5-13세대,,5.1GHz
11756552,AMD 라이젠7-3세대 3800XT (마티스) (정품),https://img.danawa.com/prod_img/500000/552/756/img/11756552_1.jpg?shrink=330:330&_v=20200728142053,585080,https://prod.danawa.com/bridge/loadingBridge.html?cate1=861&cate2=873&cate3=960&cate4=0&pcode=11756552&cmpnyc=ED910&safe_trade=4&fee_type=T&link_pcode=8643827058&package=0&setpc=0&r=16678530762623,인터파크,https://img.danawa.com/cmpny_info/images/ED910_logo.gif,4.9,167,AMD ( 제조사 웹사이트 바로가기),라이젠7-3세대,AMD(소켓AM4),3세대(Zen2),,105W,4.7GHz
18039374,인텔 코어i7-13세대 13700K (랩터레이크) (정품),https://img.danawa.com/prod_img/500000/374/039/img/18039374_1.jpg?shrink=330:330&_v=20221020215958,611990,https://prod.danawa.com/bridge/loadingBridge.html?cate1=861&cate2=873&cate3=959&cate4=0&pcode=18039374&cmpnyc=TH201&safe_trade=4&fee_type=T&link_pcode=5076420318&package=0&setpc=0&r=16678519239366,11번가,https://img.danawa.com/cmpny_info/images/TH201_logo.gif,5.0,16,인텔 ( 제조사 웹사이트 바로가기),,인텔(소켓1700),,코어i7-13세대,,5.4GHz
15594701,인텔 코어i7-12세대 12700KF (엘더레이크) (정품),https://img.danawa.com/prod_img/500000/701/594/img/15594701_1.jpg?shrink=330:330&_v=20220111164048,510850,https://prod.danawa.com/bridge/loadingBridge.html?cate1=861&cate2=873&cate3=959&cate4=0&pcode=15594701&cmpnyc=TN920&safe_trade=4&fee_type=T&link_pcode=13825950638&package=0&setpc=0&r=16678522303271,티몬,https://img.danawa.com/cmpny_info/images/TN920_logo.gif,4.7,87,인텔 ( 제조사 웹사이트 바로가기),,인텔(소켓1700),,코어i7-12세대,125~190W,5.0GHz
4144246,인텔 코어i5-2세대 2500K (샌디브릿지) (중고),https://img.danawa.com/prod_img/500000/246/144/img/4144246_1.jpg?shrink=330:330&_v=20200708151320,20560,https://prod.danawa.com/bridge/loadingBridge.html?cate1=861&cate2=873&cate3=959&cate4=0&pcode=4144246&cmpnyc=EE715&safe_trade=4&fee_type=T&link_pcode=C516921885&package=0&setpc=0&r=16678537418456,옥션,https://img.danawa.com/cmpny_info/images/EE715_logo.gif,4.6,74,인텔 코어i5-2세대,,인텔(소켓1155),,인텔(코어i5-2세대),95W,3.7GHz
16140809,인텔 코어i7-12세대 12700 (엘더레이크) (정품),https://img.danawa.com/prod_img/500000/809/140/img/16140809_1.jpg?shrink=330:330&_v=20220119174107,496890,https://prod.danawa.com/bridge/loadingBridge.html?cate1=861&cate2=873&cate3=959&cate4=0&pcode=16140809&cmpnyc=TH201&safe_trade=4&fee_type=T&link_pcode=4724363014&package=0&setpc=0&r=16678531765214,11번가,https://img.danawa.com/cmpny_info/images/TH201_logo.gif,4.8,156,인텔 ( 제조사 웹사이트 바로가기),,인텔(소켓1700),,코어i7-12세대,65~180W,4.9GHz
4504388,인텔 코어i5-2세대 2400 (샌디브릿지) (중고),https://img.danawa.com/prod_img/500000/388/504/img/4504388_1.jpg?shrink=330:330&_v=20200708144043,11550,https://prod.danawa.com/bridge/loadingBridge.html?cate1=861&cate2=873&cate3=959&cate4=0&pcode=4504388&cmpnyc=TH201&safe_trade=4&fee_type=T&link_pcode=3506107542&package=0&setpc=0&r=16678534357833,11번가,https://img.danawa.com/cmpny_info/images/TH201_logo.gif,4.6,36,인텔 코어i5-2세대,,인텔(소켓1155),,인텔(코어i5-2세대),95W,3.0 ~ 3.49GHz
17913980,AMD 라이젠9-5세대 7950X (라파엘) (정품),https://img.danawa.com/prod_img/500000/980/913/img/17913980_1.jpg?shrink=330:330&_v=20220927215958,1048690,https://prod.danawa.com/bridge/loadingBridge.html?cate1=861&cate2=873&cate3=960&cate4=0&pcode=17913980&cmpnyc=EE715&safe_trade=4&fee_type=T&link_pcode=C761325125&package=0&setpc=0&r=16678521315217,옥션,https://img.danawa.com/cmpny_info/images/EE715_logo.gif,5.0,4,AMD ( 제조사 웹사이트 바로가기),라이젠9-5세대,AMD(소켓AM5),5세대(Zen4),,170W,5.7GHz
11405430,인텔 코어i5-10세대 10500 (코멧레이크S) (정품),https://img.danawa.com/prod_img/500000/430/405/img/11405430_1.jpg?shrink=330:330&_v=20200707152657,283800,https://prod.danawa.com/bridge/loadingBridge.html?cate1=861&cate2=873&cate3=959&cate4=0&pcode=11405430&cmpnyc=TH201&safe_trade=4&fee_type=T&link_pcode=4744107919&package=0&setpc=0&r=16678525464964,11번가,https://img.danawa.com/cmpny_info/images/TH201_logo.gif,4.8,50,인텔 ( 제조사 웹사이트 바로가기),,인텔(소켓1200),,코어i5-10세대,65W,4.5GHz
18039569,인텔 코어i9-13세대 13900K (랩터레이크) (정품),https://img.danawa.com/prod_img/500000/569/039/img/18039569_1.jpg?shrink=330:330&_v=20221107141518,893990,https://prod.danawa.com/bridge/loadingBridge.html?cate1=861&cate2=873&cate3=959&cate4=0&pcode=18039569&cmpnyc=TH201&safe_trade=4&fee_type=T&link_pcode=5055777577&package=0&setpc=0&r=16678519413817,11번가,https://img.danawa.com/cmpny_info/images/TH201_logo.gif,4.9,12,인텔 ( 제조사 웹사이트 바로가기),,인텔(소켓1700),,코어i9-13세대,,5.8GHz
17913710,AMD 라이젠7-5세대 7700X (라파엘) (정품),https://img.danawa.com/prod_img/500000/710/913/img/17913710_1.jpg?shrink=330:330&_v=20220927215958,595710,https://prod.danawa.com/bridge/loadingBridge.html?cate1=861&cate2=873&cate3=960&cate4=0&pcode=17913710&cmpnyc=TH201&safe_trade=4&fee_type=T&link_pcode=4971500734&package=0&setpc=0&r=16678521455378,11번가,https://img.danawa.com/cmpny_info/images/TH201_logo.gif,5.0,3,AMD ( 제조사 웹사이트 바로가기),라이젠7-5세대,AMD(소켓AM5),5세대(Zen4),,105W,5.4GHz
6112722,인텔 코어i7-4세대 4790 (하스웰 리프레시) (중고),https://img.danawa.com/prod_img/500000/722/112/img/6112722_1.jpg?shrink=330:330&_v=20181106115822,77830,https://prod.danawa.com/bridge/loadingBridge.html?cate1=861&cate2=873&cate3=959&cate4=0&pcode=6112722&cmpnyc=EE128&safe_trade=4&fee_type=T&link_pcode=1516937990&package=0&setpc=0&r=16678533031779,G마켓,https://img.danawa.com/cmpny_info/images/EE128_logo.gif,4.6,168,인텔 코어i7-4세대,,인텔(소켓1150),,인텔(코어i7-4세대),84W,4GHz
10176534,AMD 라이젠5-2세대 3400G (피카소) (멀티팩(정품)),https://img.danawa.com/prod_img/500000/534/176/img/10176534_1.jpg?shrink=330:330&_v=20200515132735,424990,https://prod.danawa.com/bridge/loadingBridge.html?cate1=861&cate2=873&cate3=960&cate4=0&pcode=10176534&cmpnyc=EE128&safe_trade=4&fee_type=T&link_pcode=2272479952&package=0&setpc=0&r=16678529949943,G마켓,https://img.danawa.com/cmpny_info/images/EE128_logo.gif,4.7,337,AMD ( 제조사 웹사이트 바로가기),라이젠5-2세대,AMD(소켓AM4),2세대(Zen+),,65W,4.2GHz
11405664,인텔 코어i9-10세대 10900 (코멧레이크S) (정품),https://img.danawa.com/prod_img/500000/664/405/img/11405664_1.jpg?shrink=330:330&_v=20200707151912,587160,https://prod.danawa.com/bridge/loadingBridge.html?cate1=861&cate2=873&cate3=959&cate4=0&pcode=11405664&cmpnyc=EE128&safe_trade=4&fee_type=T&link_pcode=2442682206&package=0&setpc=0&r=16678530173126,G마켓,https://img.danawa.com/cmpny_info/images/EE128_logo.gif,4.7,69,인텔 ( 제조사 웹사이트 바로가기),,인텔(소켓1200),,코어i9-10세대,65W,5.2GHz
16155656,인텔 코어i5-12세대 12400F (엘더레이크) (벌크),https://img.danawa.com/prod_img/500000/656/155/img/16155656_1.jpg?shrink=330:330&_v=20220119172938,205000,https://prod.danawa.com/bridge/loadingBridge.html?cate1=861&cate2=873&cate3=959&cate4=0&pcode=16155656&cmpnyc=TN920&safe_trade=4&fee_type=T&link_pcode=13651700658&package=0&setpc=0&r=16678519364771,티몬,https://img.danawa.com/cmpny_info/images/TN920_logo.gif,4.8,69,인텔 ( 제조사 웹사이트 바로가기),,인텔(소켓1700),,코어i5-12세대,65~117W,4.4GHz
16756757,인텔 코어i9-12세대 12900KS (엘더레이크) (정품),https://img.danawa.com/prod_img/500000/757/756/img/16756757_1.jpg?shrink=330:330&_v=20220701135620,1021900,http://shop.danawa.com/virtualestimate/?controller=estimate&methods=moveEstimateMiniShop&memberId=PL553&productSeq=16756757&serviceId=blog&marketPlaceSeq=33,㈜한마음아이티,https://img.danawa.com/cmpny_info/images/PL553_logo.gif,4.9,21,인텔 ( 제조사 웹사이트 바로가기),,인텔(소켓1700),,코어i9-12세대,150~241W,5.5GHz
6112865,인텔 코어i7-4세대 4790K (데빌스캐년) (중고),https://img.danawa.com/prod_img/500000/865/112/img/6112865_1.jpg?shrink=330:330&_v=20181120165727,130340,https://prod.danawa.com/bridge/loadingBridge.html?cate1=861&cate2=873&cate3=959&cate4=0&pcode=6112865&cmpnyc=EE715&safe_trade=4&fee_type=T&link_pcode=B534659635&package=0&setpc=0&r=16678535553362,옥션,https://img.danawa.com/cmpny_info/images/EE715_logo.gif,4.6,91,인텔 코어i7-4세대,,인텔(소켓1150),,인텔(코어i7-4세대),88W,4.4GHz
13763867,AMD 라이젠5-4세대 5600X (버미어) (벌크),https://img.danawa.com/prod_img/500000/867/763/img/13763867_1.jpg?shrink=330:330&_v=20220607144645,229770,https://prod.danawa.com/bridge/loadingBridge.html?cate1=861&cate2=873&cate3=960&cate4=0&pcode=13763867&cmpnyc=TH201&safe_trade=4&fee_type=T&link_pcode=4439788358&package=0&setpc=0&r=16678519128940,11번가,https://img.danawa.com/cmpny_info/images/TH201_logo.gif,5.0,6,AMD ( 제조사 웹사이트 바로가기),라이젠5-4세대,AMD(소켓AM4),4세대(Zen3),,65W,4.6GHz
11593289,인텔 코어i9-10세대 10900F (코멧레이크S) (정품),https://img.danawa.com/prod_img/500000/289/593/img/11593289_1.jpg?shrink=330:330&_v=20210118161931,497290,https://prod.danawa.com/bridge/loadingBridge.html?cate1=861&cate2=873&cate3=959&cate4=0&pcode=11593289&cmpnyc=TH201&safe_trade=4&fee_type=T&link_pcode=4729954848&package=0&setpc=0&r=16678526894662,11번가,https://img.danawa.com/cmpny_info/images/TH201_logo.gif,4.6,37,인텔 ( 제조사 웹사이트 바로가기),,인텔(소켓1200),,코어i9-10세대,65W,5.2GHz
11480259,인텔 펜티엄 골드 G6400 (코멧레이크S) (벌크),https://img.danawa.com/prod_img/500000/259/480/img/11480259_1.jpg?shrink=330:330&_v=20210916175945,78980,https://prod.danawa.com/bridge/loadingBridge.html?cate1=861&cate2=873&cate3=959&cate4=0&pcode=11480259&cmpnyc=EE715&safe_trade=4&fee_type=T&link_pcode=C748033671&package=0&setpc=0&r=16678523755565,옥션,https://img.danawa.com/cmpny_info/images/EE715_logo.gif,4.7,83,인텔 ( 제조사 웹사이트 바로가기),,인텔(소켓1200),,펜티엄 골드,58W,
13619930,인텔 코어i5-11세대 11600 (로켓레이크S) (정품),https://img.danawa.com/prod_img/500000/930/619/img/13619930_1.jpg?shrink=330:330&_v=20210504164524,291500,http://shop.danawa.com/virtualestimate/?controller=estimate&methods=moveEstimateMiniShop&memberId=PL553&productSeq=13619930&serviceId=blog&marketPlaceSeq=33,㈜한마음아이티,https://img.danawa.com/cmpny_info/images/PL553_logo.gif,4.7,24,인텔 ( 제조사 웹사이트 바로가기),,인텔(소켓1200),,코어i5-11세대,65W,4.8GHz
12387029,인텔 셀러론 G5925 (코멧레이크S) (정품),https://img.danawa.com/prod_img/500000/029/387/img/12387029_1.jpg?shrink=330:330&_v=20211124161237,83020,https://prod.danawa.com/bridge/loadingBridge.html?cate1=861&cate2=873&cate3=959&cate4=0&pcode=12387029&cmpnyc=PO30C&safe_trade=4&fee_type=A&link_pcode=127144&package=0&setpc=0&r=16678534552448,피시포올,https://img.danawa.com/cmpny_info/images/PO30C_logo.gif,4.5,6,인텔 ( 제조사 웹사이트 바로가기),,인텔(소켓1200),,셀러론,58W,
9421629,AMD 라이젠7-3세대 3700X (마티스) (멀티팩(정품)),https://img.danawa.com/prod_img/500000/629/421/img/9421629_1.jpg?shrink=330:330&_v=20220216155835,658440,https://prod.danawa.com/bridge/loadingBridge.html?cate1=861&cate2=873&cate3=960&cate4=0&pcode=9421629&cmpnyc=EE309&safe_trade=4&fee_type=T&link_pcode=LO1554341863&package=0&setpc=0&r=16678527448459,롯데ON,https://img.danawa.com/cmpny_info/images/EE309_logo.gif,4.8,127,AMD ( 제조사 웹사이트 바로가기),라이젠7-3세대,AMD(소켓AM4),3세대(Zen2),,65W,4.4GHz
16101431,인텔 코어i5-12세대 12600 (엘더레이크) (정품),https://img.danawa.com/prod_img/500000/431/101/img/16101431_1.jpg?shrink=330:330&_v=20220121154547,361290,https://prod.danawa.com/bridge/loadingBridge.html?cate1=861&cate2=873&cate3=959&cate4=0&pcode=16101431&cmpnyc=TH201&safe_trade=4&fee_type=T&link_pcode=4724335455&package=0&setpc=0&r=16678522191202,11번가,https://img.danawa.com/cmpny_info/images/TH201_logo.gif,4.7,71,인텔 ( 제조사 웹사이트 바로가기),,인텔(소켓1700),,코어i5-12세대,65~117W,4.8GHz
17157083,AMD 라이젠5-4세대 5600 (버미어) (정품),https://img.danawa.com/prod_img/500000/083/157/img/17157083_1.jpg?shrink=330:330&_v=20220530142319,185800,https://prod.danawa.com/bridge/loadingBridge.html?cate1=861&cate2=873&cate3=960&cate4=0&pcode=17157083&cmpnyc=TH201&safe_trade=4&fee_type=T&link_pcode=5026582733&package=0&setpc=0&r=16678518876275,11번가,https://img.danawa.com/cmpny_info/images/TH201_logo.gif,4.8,32,AMD ( 제조사 웹사이트 바로가기),라이젠5-4세대,AMD(소켓AM4),4세대(Zen3),,65W,4.4GHz
8457111,AMD 라이젠9-3세대 3900X (마티스) (정품),https://img.danawa.com/prod_img/500000/111/457/img/8457111_1.jpg?shrink=330:330&_v=20200429110834,626040,https://prod.danawa.com/bridge/loadingBridge.html?cate1=861&cate2=873&cate3=960&cate4=0&pcode=8457111&cmpnyc=TH201&safe_trade=4&fee_type=T&link_pcode=3943117226&package=0&setpc=0&r=16678526391878,11번가,https://img.danawa.com/cmpny_info/images/TH201_logo.gif,4.7,463,AMD ( 제조사 웹사이트 바로가기),라이젠9-3세대,AMD(소켓AM4),3세대(Zen2),,105W,4.6GHz
11236047,AMD 라이젠3-3세대 3100 (마티스) (정품),https://img.danawa.com/prod_img/500000/047/236/img/11236047_1.jpg?shrink=330:330&_v=20200508085814,548100,https://prod.danawa.com/bridge/loadingBridge.html?cate1=861&cate2=873&cate3=960&cate4=0&pcode=11236047&cmpnyc=ED910&safe_trade=4&fee_type=T&link_pcode=8602904497&package=0&setpc=0&r=16678531341392,인터파크,https://img.danawa.com/cmpny_info/images/ED910_logo.gif,4.8,84,AMD 라이젠3-3세대,라이젠3-3세대,AMD(소켓AM4),3세대(Zen2),,65W,3.9GHz
4144446,인텔 코어i7-1세대 870 (린필드) (중고),https://img.danawa.com/prod_img/500000/446/144/img/4144446_1.jpg?shrink=330:330&_v=20181115121159,19430,https://prod.danawa.com/bridge/loadingBridge.html?cate1=861&cate2=873&cate3=959&cate4=0&pcode=4144446&cmpnyc=TH201&safe_trade=4&fee_type=T&link_pcode=4617082290&package=0&setpc=0&r=16678535196658,11번가,https://img.danawa.com/cmpny_info/images/TH201_logo.gif,4.7,103,인텔 코어i7-1세대,,인텔(소켓1156),,인텔(코어i7),95W,3.6GHz
9437157,인텔 셀러론 G4930 (커피레이크-R) (정품),https://img.danawa.com/prod_img/500000/157/437/img/9437157_1.jpg?shrink=330:330&_v=20200708101726,99000,http://shop.danawa.com/virtualestimate/?controller=estimate&methods=moveEstimateMiniShop&memberId=PL553&productSeq=9437157&serviceId=blog&marketPlaceSeq=33,㈜한마음아이티,https://img.danawa.com/cmpny_info/images/PL553_logo.gif,4.7,35,인텔 ( 제조사 웹사이트 바로가기),,인텔(소켓1151v2),,셀러론,54W,
8464689,AMD 라이젠5-2세대 3400G (피카소) (정품),https://img.danawa.com/prod_img/500000/689/464/img/8464689_1.jpg?shrink=330:330&_v=20200515132735,459480,https://prod.danawa.com/bridge/loadingBridge.html?cate1=861&cate2=873&cate3=960&cate4=0&pcode=8464689&cmpnyc=TP40F&safe_trade=4&fee_type=T&link_pcode=P1442215294&package=0&setpc=0&r=16678529892232,쿠팡,https://img.danawa.com/cmpny_info/images/TP40F_logo.gif,4.5,109,AMD ( 제조사 웹사이트 바로가기),라이젠5-2세대,AMD(소켓AM4),2세대(Zen+),,65W,4.2GHz
4467073,"AMD 페넘II-X6 1055T (투반) (중고, 95W)",https://img.danawa.com/prod_img/500000/073/467/img/4467073_1.jpg?shrink=330:330&_v=20181128093855,40990,https://prod.danawa.com/bridge/loadingBridge.html?cate1=861&cate2=873&cate3=960&cate4=0&pcode=4467073&cmpnyc=EE715&safe_trade=4&fee_type=T&link_pcode=C760293146&package=0&setpc=0&r=16678537806226,옥션,https://img.danawa.com/cmpny_info/images/EE715_logo.gif,4.8,19,AMD 페넘II-X6,페넘II-X6,AMD(소켓AM3),,,95W,3.3GHz
4143852,인텔 코어i5-3세대 3570 (아이비브릿지) (중고),https://img.danawa.com/prod_img/500000/852/143/img/4143852_1.jpg?shrink=330:330&_v=20200708124313,21360,https://prod.danawa.com/bridge/loadingBridge.html?cate1=861&cate2=873&cate3=959&cate4=0&pcode=4143852&cmpnyc=TH201&safe_trade=4&fee_type=T&link_pcode=4539361666&package=0&setpc=0&r=16678533185187,11번가,https://img.danawa.com/cmpny_info/images/TH201_logo.gif,4.6,488,인텔 코어i5-3세대,,인텔(소켓1155),,인텔(코어i5-3세대),77W,3.8GHz
1678801,인텔 코어i7-3세대 3770 (아이비브릿지) (중고),https://img.danawa.com/prod_img/500000/801/678/img/1678801_1.jpg?shrink=330:330&_v=20200708122938,64540,https://prod.danawa.com/bridge/loadingBridge.html?cate1=861&cate2=873&cate3=959&cate4=0&pcode=1678801&cmpnyc=EE715&safe_trade=4&fee_type=T&link_pcode=C517637118&package=0&setpc=0&r=16678532802318,옥션,https://img.danawa.com/cmpny_info/images/EE715_logo.gif,4.7,277,인텔 코어i7-3세대,,인텔(소켓1155),,인텔(코어i7-3세대),77W,3.9GHz
7914757,인텔 코어i3-9세대 9100F (커피레이크-R) (벌크),https://img.danawa.com/prod_img/500000/757/914/img/7914757_1.jpg?shrink=330:330&_v=20190530111550,94320,https://prod.danawa.com/bridge/loadingBridge.html?cate1=861&cate2=873&cate3=959&cate4=0&pcode=7914757&cmpnyc=TH201&safe_trade=4&fee_type=T&link_pcode=4128745380&package=0&setpc=0&r=16678529519300,11번가,https://img.danawa.com/cmpny_info/images/TH201_logo.gif,4.7,104,인텔 ( 제조사 웹사이트 바로가기),,인텔(소켓1151v2),,인텔(코어i3-9세대),65W,4.2GHz
11480433,인텔 코어i3-10세대 10100 (코멧레이크S) (벌크),https://img.danawa.com/prod_img/500000/433/480/img/11480433_1.jpg?shrink=330:330&_v=20200707160006,130760,https://prod.danawa.com/bridge/loadingBridge.html?cate1=861&cate2=873&cate3=959&cate4=0&pcode=11480433&cmpnyc=TH201&safe_trade=4&fee_type=T&link_pcode=3637295814&package=0&setpc=0&r=16678523364207,11번가,https://img.danawa.com/cmpny_info/images/TH201_logo.gif,4.9,73,인텔 ( 제조사 웹사이트 바로가기),,인텔(소켓1200),,코어i3-10세대,65W,4.3GHz
11490309,인텔 코어i5-10세대 10400F (코멧레이크S) (벌크 + 쿨러),https://img.danawa.com/prod_img/500000/309/490/img/11490309_1.jpg?shrink=330:330&_v=20200707160620,131570,https://prod.danawa.com/bridge/loadingBridge.html?cate1=861&cate2=873&cate3=959&cate4=0&pcode=11490309&cmpnyc=PO30C&safe_trade=4&fee_type=A&link_pcode=128063&package=0&setpc=0&r=16678523029833,피시포올,https://img.danawa.com/cmpny_info/images/PO30C_logo.gif,4.7,65,인텔 ( 제조사 웹사이트 바로가기),,인텔(소켓1200),,코어i5-10세대,65W,4.3GHz
15594956,인텔 코어i9-12세대 12900KF (엘더레이크) (정품),https://img.danawa.com/prod_img/500000/956/594/img/15594956_1.jpg?shrink=330:330&_v=20220112163904,717230,https://prod.danawa.com/bridge/loadingBridge.html?cate1=861&cate2=873&cate3=959&cate4=0&pcode=15594956&cmpnyc=TH201&safe_trade=4&fee_type=T&link_pcode=4724273705&package=0&setpc=0&r=16678522423312,11번가,https://img.danawa.com/cmpny_info/images/TH201_logo.gif,4.7,38,인텔 ( 제조사 웹사이트 바로가기),,인텔(소켓1700),,코어i9-12세대,125~241W,5.2GHz
13620002,인텔 코어i9-11세대 11900 (로켓레이크S) (정품),https://img.danawa.com/prod_img/500000/002/620/img/13620002_1.jpg?shrink=330:330&_v=20210324135837,672390,https://prod.danawa.com/bridge/loadingBridge.html?cate1=861&cate2=873&cate3=959&cate4=0&pcode=13620002&cmpnyc=TP40F&safe_trade=4&fee_type=T&link_pcode=P5601644347&package=0&setpc=0&r=16678530535126,쿠팡,https://img.danawa.com/cmpny_info/images/TP40F_logo.gif,4.9,21,인텔 ( 제조사 웹사이트 바로가기),,인텔(소켓1200),,코어i9-11세대,65W,5.2GHz
13851785,인텔 코어i3-10세대 10105F (코멧레이크S 리프레시) (벌크),https://img.danawa.com/prod_img/500000/785/851/img/13851785_1.jpg?shrink=330:330&_v=20210609095101,92230,https://prod.danawa.com/bridge/loadingBridge.html?cate1=861&cate2=873&cate3=959&cate4=0&pcode=13851785&cmpnyc=PV203&safe_trade=4&fee_type=A&link_pcode=5565687772&package=0&setpc=0&r=16678532228119,컴오아시스,https://img.danawa.com/cmpny_info/images/PV203_logo.gif,4.9,26,인텔 ( 제조사 웹사이트 바로가기),,인텔(소켓1200),,코어i3-10세대,65W,4.4GHz
17913863,AMD 라이젠9-5세대 7900X (라파엘) (정품),https://img.danawa.com/prod_img/500000/863/913/img/17913863_1.jpg?shrink=330:330&_v=20220927215958,834310,https://prod.danawa.com/bridge/loadingBridge.html?cate1=861&cate2=873&cate3=960&cate4=0&pcode=17913863&cmpnyc=EE715&safe_trade=4&fee_type=T&link_pcode=C761390631&package=0&setpc=0&r=16678521511620,옥션,https://img.danawa.com/cmpny_info/images/EE715_logo.gif,4.5,2,AMD ( 제조사 웹사이트 바로가기),라이젠9-5세대,AMD(소켓AM5),5세대(Zen4),,170W,5.6GHz
18039356,인텔 코어i7-13세대 13700KF (랩터레이크) (정품),https://img.danawa.com/prod_img/500000/356/039/img/18039356_1.jpg?shrink=330:330&_v=20221028174057,574490,https://prod.danawa.com/bridge/loadingBridge.html?cate1=861&cate2=873&cate3=959&cate4=0&pcode=18039356&cmpnyc=TH201&safe_trade=4&fee_type=T&link_pcode=5055777831&package=0&setpc=0&r=16678519934934,11번가,https://img.danawa.com/cmpny_info/images/TH201_logo.gif,5.0,10,인텔 ( 제조사 웹사이트 바로가기),,인텔(소켓1700),,코어i7-13세대,,5.4GHz
11479950,인텔 코어i5-10세대 10400 (코멧레이크S) (벌크),https://img.danawa.com/prod_img/500000/950/479/img/11479950_1.jpg?shrink=330:330&_v=20210917090403,174380,https://prod.danawa.com/bridge/loadingBridge.html?cate1=861&cate2=873&cate3=959&cate4=0&pcode=11479950&cmpnyc=PO30C&safe_trade=4&fee_type=A&link_pcode=130163&package=0&setpc=0&r=16678522733126,피시포올,https://img.danawa.com/cmpny_info/images/PO30C_logo.gif,4.7,76,인텔 ( 제조사 웹사이트 바로가기),,인텔(소켓1200),,코어i5-10세대,65W,4.3GHz
13753481,인텔 코어i7-11세대 11700F (로켓레이크S) (정품),https://img.danawa.com/prod_img/500000/481/753/img/13753481_1.jpg?shrink=330:330&_v=20210504163848,453990,https://prod.danawa.com/bridge/loadingBridge.html?cate1=861&cate2=873&cate3=959&cate4=0&pcode=13753481&cmpnyc=TH201&safe_trade=4&fee_type=T&link_pcode=4016943807&package=0&setpc=0&r=16678532525742,11번가,https://img.danawa.com/cmpny_info/images/TH201_logo.gif,4.9,42,인텔 ( 제조사 웹사이트 바로가기),,인텔(소켓1200),,코어i7-11세대,65W,4.9GHz
13753598,인텔 코어i7-11세대 11700KF (로켓레이크S) (정품),https://img.danawa.com/prod_img/500000/598/753/img/13753598_1.jpg?shrink=330:330&_v=20210330175625,515890,https://prod.danawa.com/bridge/loadingBridge.html?cate1=861&cate2=873&cate3=959&cate4=0&pcode=13753598&cmpnyc=PP402&safe_trade=4&fee_type=A&link_pcode=13753598&package=0&setpc=0&r=16678533661743,아이티엔조이,https://img.danawa.com/cmpny_info/images/PP402_logo.gif,4.7,23,인텔 ( 제조사 웹사이트 바로가기),,인텔(소켓1200),,코어i7-11세대,125W,5.0GHz
5530013,인텔 코어i7-8세대 8700 (커피레이크) (정품),https://img.danawa.com/prod_img/500000/013/530/img/5530013_1.jpg?shrink=330:330&_v=20200707162436,521710,https://prod.danawa.com/bridge/loadingBridge.html?cate1=861&cate2=873&cate3=959&cate4=0&pcode=5530013&cmpnyc=TH201&safe_trade=4&fee_type=T&link_pcode=1945330920&package=0&setpc=0&r=16678525632800,11번가,https://img.danawa.com/cmpny_info/images/TH201_logo.gif,4.7,446,인텔 코어i7-8세대,,인텔(소켓1151v2),,인텔(코어i7-8세대),65W,4.60GHz
11824861,인텔 코어i7-10세대 10700F (코멧레이크S) (벌크),https://img.danawa.com/prod_img/500000/861/824/img/11824861_1.jpg?shrink=330:330&_v=20200717163339,320620,https://prod.danawa.com/bridge/loadingBridge.html?cate1=861&cate2=873&cate3=959&cate4=0&pcode=11824861&cmpnyc=TH201&safe_trade=4&fee_type=T&link_pcode=4498565174&package=0&setpc=0&r=16678525945349,11번가,https://img.danawa.com/cmpny_info/images/TH201_logo.gif,4.8,26,인텔 ( 제조사 웹사이트 바로가기),,인텔(소켓1200),,코어i7-10세대,65W,4.8GHz
11405469,인텔 코어i5-10세대 10600 (코멧레이크S) (정품),https://img.danawa.com/prod_img/500000/469/405/img/11405469_1.jpg?shrink=330:330&_v=20210512150844,416640,https://prod.danawa.com/bridge/loadingBridge.html?cate1=861&cate2=873&cate3=959&cate4=0&pcode=11405469&cmpnyc=TH201&safe_trade=4&fee_type=T&link_pcode=4053944852&package=0&setpc=0&r=16678530971189,11번가,https://img.danawa.com/cmpny_info/images/TH201_logo.gif,4.7,36,인텔 ( 제조사 웹사이트 바로가기),,인텔(소켓1200),,코어i5-10세대,65W,4.8GHz
11991320,인텔 코어i5-10세대 10600KF (코멧레이크S) (정품),https://img.danawa.com/prod_img/500000/320/991/img/11991320_1.jpg?shrink=330:330&_v=20210512150209,328630,https://prod.danawa.com/bridge/loadingBridge.html?cate1=861&cate2=873&cate3=959&cate4=0&pcode=11991320&cmpnyc=EE715&safe_trade=4&fee_type=T&link_pcode=C677671151&package=0&setpc=0&r=16678531083669,옥션,https://img.danawa.com/cmpny_info/images/EE715_logo.gif,4.8,12,인텔 ( 제조사 웹사이트 바로가기),,인텔(소켓1200),,코어i5-10세대,125W,4.8GHz
11593361,인텔 코어i9-10세대 10900KF (코멧레이크S) (정품),https://img.danawa.com/prod_img/500000/361/593/img/11593361_1.jpg?shrink=330:330&_v=20210712142619,534600,https://prod.danawa.com/bridge/loadingBridge.html?cate1=861&cate2=873&cate3=959&cate4=0&pcode=11593361&cmpnyc=PR805&safe_trade=4&fee_type=A&link_pcode=5565675303&package=0&setpc=0&r=16678529263510,아이스타피씨,https://img.danawa.com/cmpny_info/images/PR805_logo.gif,4.9,36,인텔 ( 제조사 웹사이트 바로가기),,인텔(소켓1200),,코어i9-10세대,125W,5.3GHz
13753718,인텔 코어i9-11세대 11900KF (로켓레이크S) (정품),https://img.danawa.com/prod_img/500000/718/753/img/13753718_1.jpg?shrink=330:330&_v=20210727145359,596330,https://prod.danawa.com/bridge/loadingBridge.html?cate1=861&cate2=873&cate3=959&cate4=0&pcode=13753718&cmpnyc=PV203&safe_trade=4&fee_type=A&link_pcode=5565686832&package=0&setpc=0&r=16678535802365,컴오아시스,https://img.danawa.com/cmpny_info/images/PV203_logo.gif,5.0,10,인텔 ( 제조사 웹사이트 바로가기),,인텔(소켓1200),,코어i9-11세대,125W,5.3GHz
11481531,인텔 코어i7-10세대 10700 (코멧레이크S) (벌크),https://img.danawa.com/prod_img/500000/531/481/img/11481531_1.jpg?shrink=330:330&_v=20210706093228,313460,https://prod.danawa.com/bridge/loadingBridge.html?cate1=861&cate2=873&cate3=959&cate4=0&pcode=11481531&cmpnyc=PV203&safe_trade=4&fee_type=A&link_pcode=5565674838&package=0&setpc=0&r=16678524478654,컴오아시스,https://img.danawa.com/cmpny_info/images/PV203_logo.gif,4.9,61,인텔 ( 제조사 웹사이트 바로가기),,인텔(소켓1200),,코어i7-10세대,65W,4.8GHz
11756642,AMD 라이젠9-3세대 3900XT (마티스) (정품),https://img.danawa.com/prod_img/500000/642/756/img/11756642_1.jpg?shrink=330:330&_v=20200728142124,898000,https://prod.danawa.com/bridge/loadingBridge.html?cate1=861&cate2=873&cate3=960&cate4=0&pcode=11756642&cmpnyc=TUB11&safe_trade=4&fee_type=N&link_pcode=5991363252&package=0&setpc=0&r=16678531414700,공식온라인대리점,,5.0,11,AMD ( 제조사 웹사이트 바로가기),라이젠9-3세대,AMD(소켓AM4),3세대(Zen2),,105W,4.7GHz
9374721,AMD 라이젠9-3세대 3900X (마티스) (멀티팩(정품)),https://img.danawa.com/prod_img/500000/721/374/img/9374721_1.jpg?shrink=330:330&_v=20210108134107,477290,https://prod.danawa.com/bridge/loadingBridge.html?cate1=861&cate2=873&cate3=960&cate4=0&pcode=9374721&cmpnyc=TH201&safe_trade=4&fee_type=T&link_pcode=4622362602&package=0&setpc=0&r=16678526443286,11번가,https://img.danawa.com/cmpny_info/images/TH201_logo.gif,4.8,17,AMD ( 제조사 웹사이트 바로가기),라이젠9-3세대,AMD(소켓AM4),3세대(Zen2),,105W,4.6GHz
18039512,인텔 코어i9-13세대 13900KF (랩터레이크) (정품),https://img.danawa.com/prod_img/500000/512/039/img/18039512_1.jpg?shrink=330:330&_v=20221020215958,856990,https://prod.danawa.com/bridge/loadingBridge.html?cate1=861&cate2=873&cate3=959&cate4=0&pcode=18039512&cmpnyc=TH201&safe_trade=4&fee_type=T&link_pcode=5055881934&package=0&setpc=0&r=16678520962979,11번가,https://img.danawa.com/cmpny_info/images/TH201_logo.gif,5.0,2,인텔 ( 제조사 웹사이트 바로가기),,인텔(소켓1700),,코어i9-13세대,,5.8GHz
5569040,인텔 코어i3-8세대 8100 (커피레이크) (벌크),https://img.danawa.com/prod_img/500000/040/569/img/5569040_1.jpg?shrink=330:330&_v=20211201135314,110740,https://prod.danawa.com/bridge/loadingBridge.html?cate1=861&cate2=873&cate3=959&cate4=0&pcode=5569040&cmpnyc=TH201&safe_trade=4&fee_type=T&link_pcode=4128745107&package=0&setpc=0&r=16678529186254,11번가,https://img.danawa.com/cmpny_info/images/TH201_logo.gif,4.7,78,인텔 코어i3-8세대,,인텔(소켓1151v2),,인텔(코어i3-8세대),65W,
13753448,인텔 코어i5-11세대 11600KF (로켓레이크S) (정품),https://img.danawa.com/prod_img/500000/448/753/img/13753448_1.jpg?shrink=330:330&_v=20210617165611,599800,https://prod.danawa.com/bridge/loadingBridge.html?cate1=861&cate2=873&cate3=959&cate4=0&pcode=13753448&cmpnyc=TP40F&safe_trade=4&fee_type=T&link_pcode=P5470966987&package=0&setpc=0&r=16678536232027,쿠팡,https://img.danawa.com/cmpny_info/images/TP40F_logo.gif,4.9,16,인텔 ( 제조사 웹사이트 바로가기),,인텔(소켓1200),,코어i5-11세대,125W,4.9GHz
8459781,AMD 라이젠7-3세대 3800X (마티스) (정품),https://img.danawa.com/prod_img/500000/781/459/img/8459781_1.jpg?shrink=330:330&_v=20200429110910,434860,https://prod.danawa.com/bridge/loadingBridge.html?cate1=861&cate2=873&cate3=960&cate4=0&pcode=8459781&cmpnyc=ED910&safe_trade=4&fee_type=T&link_pcode=9471736466&package=0&setpc=0&r=16678524561996,인터파크,https://img.danawa.com/cmpny_info/images/ED910_logo.gif,4.7,145,AMD ( 제조사 웹사이트 바로가기),라이젠7-3세대,AMD(소켓AM4),3세대(Zen2),,105W,4.5GHz
5529981,인텔 코어i7-8세대 8700K (커피레이크) (정품),https://img.danawa.com/prod_img/500000/981/529/img/5529981_1.jpg?shrink=330:330&_v=20200707162633,416080,https://prod.danawa.com/bridge/loadingBridge.html?cate1=861&cate2=873&cate3=959&cate4=0&pcode=5529981&cmpnyc=ED910&safe_trade=4&fee_type=T&link_pcode=10092135549&package=0&setpc=0&r=16678527838412,인터파크,https://img.danawa.com/cmpny_info/images/ED910_logo.gif,4.7,458,인텔 코어i7-8세대,,인텔(소켓1151v2),,인텔(코어i7-8세대),95W,4.70GHz
5530456,인텔 코어i3-8세대 8100 (커피레이크) (정품),https://img.danawa.com/prod_img/500000/456/530/img/5530456_1.jpg?shrink=330:330&_v=20211201135314,230000,https://prod.danawa.com/bridge/loadingBridge.html?cate1=861&cate2=873&cate3=959&cate4=0&pcode=5530456&cmpnyc=EE715&safe_trade=4&fee_type=T&link_pcode=B649577605&package=0&setpc=0&r=16678529041149,옥션,https://img.danawa.com/cmpny_info/images/EE715_logo.gif,4.8,300,인텔 코어i3-8세대,,인텔(소켓1151v2),,인텔(코어i3-8세대),65W,
6066419,AMD 라이젠5-2세대 2600X (피나클 릿지) (정품),https://img.danawa.com/prod_img/500000/419/066/img/6066419_1.jpg?shrink=330:330&_v=20220711171041,380330,https://prod.danawa.com/bridge/loadingBridge.html?cate1=861&cate2=873&cate3=960&cate4=0&pcode=6066419&cmpnyc=TP40F&safe_trade=4&fee_type=T&link_pcode=P1077001790&package=0&setpc=0&r=16678530309775,쿠팡,https://img.danawa.com/cmpny_info/images/TP40F_logo.gif,4.7,393,AMD 라이젠5-2세대,라이젠5-2세대,AMD(소켓AM4),2세대(Zen+),,95W,4.25GHz
6112690,인텔 코어i7-4세대 4770 (하스웰) (중고),https://img.danawa.com/prod_img/500000/690/112/img/6112690_1.jpg?shrink=330:330&_v=20181106115146,76720,https://prod.danawa.com/bridge/loadingBridge.html?cate1=861&cate2=873&cate3=959&cate4=0&pcode=6112690&cmpnyc=TH201&safe_trade=4&fee_type=T&link_pcode=4539363437&package=0&setpc=0&r=16678533898460,11번가,https://img.danawa.com/cmpny_info/images/TH201_logo.gif,4.8,20,인텔 코어i7-4세대,,인텔(소켓1150),,인텔(코어i7-4세대),84W,3.9GHz
16101545,인텔 코어i9-12세대 12900 (엘더레이크) (정품),https://img.danawa.com/prod_img/500000/545/101/img/16101545_1.jpg?shrink=330:330&_v=20220725140834,841560,https://prod.danawa.com/bridge/loadingBridge.html?cate1=861&cate2=873&cate3=959&cate4=0&pcode=16101545&cmpnyc=EE128&safe_trade=4&fee_type=T&link_pcode=2515529205&package=0&setpc=0&r=16678523832276,G마켓,https://img.danawa.com/cmpny_info/images/EE128_logo.gif,4.9,26,인텔 ( 제조사 웹사이트 바로가기),,인텔(소켓1700),,코어i9-12세대,65~202W,5.1GHz
6515580,인텔 코어i9-9세대 9900K (커피레이크-R) (정품),https://img.danawa.com/prod_img/500000/580/515/img/6515580_1.jpg?shrink=330:330&_v=20200707160130,1666380,https://prod.danawa.com/bridge/loadingBridge.html?cate1=861&cate2=873&cate3=959&cate4=0&pcode=6515580&cmpnyc=TP40F&safe_trade=4&fee_type=T&link_pcode=P1241288470&package=0&setpc=0&r=16678528056765,쿠팡,https://img.danawa.com/cmpny_info/images/TP40F_logo.gif,4.7,304,인텔 코어i9-9세대,,인텔(소켓1151v2),,인텔(코어i9-9세대),95W,5.00GHz
10142334,인텔 코어X-시리즈 i9-10980XE Extreme Edition (캐스케이드레이크) (정품),https://img.danawa.com/prod_img/500000/334/142/img/10142334_1.jpg?shrink=330:330&_v=20210809170704,1606650,https://prod.danawa.com/bridge/loadingBridge.html?cate1=861&cate2=873&cate3=959&cate4=0&pcode=10142334&cmpnyc=TH201&safe_trade=4&fee_type=T&link_pcode=2858892818&package=0&setpc=0&r=16678527621258,11번가,https://img.danawa.com/cmpny_info/images/TH201_logo.gif,4.8,14,인텔 ( 제조사 웹사이트 바로가기),,인텔(소켓2066),,코어X-시리즈,165W,4.6GHz
7097410,인텔 코어i5-9세대 9400F (커피레이크-R) (벌크),https://img.danawa.com/prod_img/500000/410/097/img/7097410_1.jpg?shrink=330:330&_v=20191219171104,166320,https://prod.danawa.com/bridge/loadingBridge.html?cate1=861&cate2=873&cate3=959&cate4=0&pcode=7097410&cmpnyc=TH201&safe_trade=4&fee_type=T&link_pcode=4128933463&package=0&setpc=0&r=16678523576507,11번가,https://img.danawa.com/cmpny_info/images/TH201_logo.gif,4.7,184,인텔 ( 제조사 웹사이트 바로가기),,인텔(소켓1151v2),,인텔(코어i5-9세대),65W,4.1GHz
7565248,인텔 코어i5-9세대 9600KF (커피레이크-R) (정품),https://img.danawa.com/prod_img/500000/248/565/img/7565248_1.jpg?shrink=330:330&_v=20200429104047,269990,https://prod.danawa.com/bridge/loadingBridge.html?cate1=861&cate2=873&cate3=959&cate4=0&pcode=7565248&cmpnyc=EE715&safe_trade=4&fee_type=T&link_pcode=C255799234&package=0&setpc=0&r=16678526013994,옥션,https://img.danawa.com/cmpny_info/images/EE715_logo.gif,4.7,287,인텔 ( 제조사 웹사이트 바로가기),,인텔(소켓1151v2),,인텔(코어i5-9세대),95W,4.6GHz
12151730,인텔 코어i7-10세대 10700K 어벤져스 에디션 (코멧레이크S) (정품),https://img.danawa.com/prod_img/500000/730/151/img/12151730_1.jpg?shrink=330:330&_v=20200831094530,460620,https://prod.danawa.com/bridge/loadingBridge.html?cate1=861&cate2=873&cate3=959&cate4=0&pcode=12151730&cmpnyc=EE309&safe_trade=4&fee_type=T&link_pcode=LO1361867510&package=0&setpc=0&r=16678527786385,롯데ON,https://img.danawa.com/cmpny_info/images/EE309_logo.gif,4.5,50,인텔 ( 제조사 웹사이트 바로가기),,인텔(소켓1200),,코어i7-10세대,125W,5.1GHz
6515620,인텔 코어i5-9세대 9600K (커피레이크-R) (정품),https://img.danawa.com/prod_img/500000/620/515/img/6515620_1.jpg?shrink=330:330&_v=20200707161128,659330,https://prod.danawa.com/bridge/loadingBridge.html?cate1=861&cate2=873&cate3=959&cate4=0&pcode=6515620&cmpnyc=TP40F&safe_trade=4&fee_type=T&link_pcode=P5273549739&package=0&setpc=0&r=16678529592288,쿠팡,https://img.danawa.com/cmpny_info/images/TP40F_logo.gif,4.8,494,인텔 코어i5-9세대,,인텔(소켓1151v2),,인텔(코어i5-9세대),95W,4.60GHz
7517686,인텔 코어i7-9세대 9700KF (커피레이크-R) (정품),https://img.danawa.com/prod_img/500000/686/517/img/7517686_1.jpg?shrink=330:330&_v=20200429104538,485520,https://prod.danawa.com/bridge/loadingBridge.html?cate1=861&cate2=873&cate3=959&cate4=0&pcode=7517686&cmpnyc=TH201&safe_trade=4&fee_type=T&link_pcode=4978194047&package=0&setpc=0&r=16678527062667,11번가,https://img.danawa.com/cmpny_info/images/TH201_logo.gif,4.7,109,인텔 ( 제조사 웹사이트 바로가기),,인텔(소켓1151v2),,인텔(코어i7-9세대),95W,4.9GHz
11824939,인텔 코어i9-10세대 10900F (코멧레이크S) (벌크),https://img.danawa.com/prod_img/500000/939/824/img/11824939_1.jpg?shrink=330:330&_v=20210118161931,501970,https://prod.danawa.com/bridge/loadingBridge.html?cate1=861&cate2=873&cate3=959&cate4=0&pcode=11824939&cmpnyc=EE715&safe_trade=4&fee_type=T&link_pcode=C380119288&package=0&setpc=0&r=16678526993405,옥션,https://img.danawa.com/cmpny_info/images/EE715_logo.gif,5.0,1,인텔 ( 제조사 웹사이트 바로가기),,인텔(소켓1200),,코어i9-10세대,65W,5.2GHz
16101581,인텔 코어i9-12세대 12900F (엘더레이크) (정품),https://img.danawa.com/prod_img/500000/581/101/img/16101581_1.jpg?shrink=330:330&_v=20220725140513,784530,https://prod.danawa.com/bridge/loadingBridge.html?cate1=861&cate2=873&cate3=959&cate4=0&pcode=16101581&cmpnyc=EE128&safe_trade=4&fee_type=T&link_pcode=2515526313&package=0&setpc=0&r=16678524053244,G마켓,https://img.danawa.com/cmpny_info/images/EE128_logo.gif,4.9,35,인텔 ( 제조사 웹사이트 바로가기),,인텔(소켓1700),,코어i9-12세대,65~202W,5.1GHz
8428929,인텔 코어i7-9세대 9700 (커피레이크-R) (정품),https://img.danawa.com/prod_img/500000/929/428/img/8428929_1.jpg?shrink=330:330&_v=20200429104431,599640,https://prod.danawa.com/bridge/loadingBridge.html?cate1=861&cate2=873&cate3=959&cate4=0&pcode=8428929&cmpnyc=TH201&safe_trade=4&fee_type=T&link_pcode=3940525396&package=0&setpc=0&r=16678528695177,11번가,https://img.danawa.com/cmpny_info/images/TH201_logo.gif,4.8,119,인텔 ( 제조사 웹사이트 바로가기),,인텔(소켓1151v2),,인텔(코어i7-9세대),65W,4.7GHz
7559767,인텔 코어i9-9세대 9900KF (커피레이크-R) (정품),https://img.danawa.com/prod_img/500000/767/559/img/7559767_1.jpg?shrink=330:330&_v=20200429104729,738990,https://prod.danawa.com/bridge/loadingBridge.html?cate1=861&cate2=873&cate3=959&cate4=0&pcode=7559767&cmpnyc=TH201&safe_trade=4&fee_type=T&link_pcode=3884162618&package=0&setpc=0&r=16678530399442,11번가,https://img.danawa.com/cmpny_info/images/TH201_logo.gif,4.7,85,인텔 ( 제조사 웹사이트 바로가기),,인텔(소켓1151v2),,인텔(코어i9-9세대),95W,5.0GHz
11020131,AMD 라이젠5-3세대 3600 (마티스) (해외구매),https://img.danawa.com/prod_img/500000/131/020/img/11020131_1.jpg?shrink=330:330&_v=20200429161834,269870,https://prod.danawa.com/bridge/loadingBridge.html?cate1=861&cate2=873&cate3=960&cate4=0&pcode=11020131&cmpnyc=EE715&safe_trade=4&fee_type=T&link_pcode=B754689721&package=0&setpc=0&r=16678524234656,옥션,https://img.danawa.com/cmpny_info/images/EE715_logo.gif,4.4,10,AMD ( 제조사 웹사이트 바로가기),라이젠5-3세대,AMD(소켓AM4),3세대(Zen2),,65W,4.2GHz
11480694,인텔 코어i5-10세대 10500 (코멧레이크S) (벌크),https://img.danawa.com/prod_img/500000/694/480/img/11480694_1.jpg?shrink=330:330&_v=20200722162146,270000,https://prod.danawa.com/bridge/loadingBridge.html?cate1=861&cate2=873&cate3=959&cate4=0&pcode=11480694&cmpnyc=TH201&safe_trade=4&fee_type=T&link_pcode=4881878086&package=0&setpc=0&r=16678525543410,11번가,https://img.danawa.com/cmpny_info/images/TH201_logo.gif,4.9,16,인텔 ( 제조사 웹사이트 바로가기),,인텔(소켓1200),,코어i5-10세대,65W,4.5GHz
5569026,인텔 코어i3-8세대 8100 (커피레이크) (벌크 + 쿨러),https://img.danawa.com/prod_img/500000/026/569/img/5569026_1.jpg?shrink=330:330&_v=20211201135314,139120,https://prod.danawa.com/bridge/loadingBridge.html?cate1=861&cate2=873&cate3=959&cate4=0&pcode=5569026&cmpnyc=PV606&safe_trade=4&fee_type=A&link_pcode=70352&package=0&setpc=0&r=16678529135615,초이스컴,https://img.danawa.com/cmpny_info/images/PV606_logo.gif,4.8,111,인텔 코어i3-8세대,,인텔(소켓1151v2),,인텔(코어i3-8세대),65W,
6066361,AMD 라이젠7-2세대 2700 (피나클 릿지) (정품),https://img.danawa.com/prod_img/500000/361/066/img/6066361_1.jpg?shrink=330:330&_v=20200515133136,549450,https://prod.danawa.com/bridge/loadingBridge.html?cate1=861&cate2=873&cate3=960&cate4=0&pcode=6066361&cmpnyc=TP40F&safe_trade=4&fee_type=T&link_pcode=P1077001894&package=0&setpc=0&r=16678530905524,쿠팡,https://img.danawa.com/cmpny_info/images/TP40F_logo.gif,4.8,169,AMD 라이젠7-2세대,라이젠7-2세대,AMD(소켓AM4),2세대(Zen+),,65W,4.1GHz
7892860,인텔 코어i5-9세대 9600KF (커피레이크-R) (벌크),https://img.danawa.com/prod_img/500000/860/892/img/7892860_1.jpg?shrink=330:330&_v=20200305172427,283500,https://prod.danawa.com/bridge/loadingBridge.html?cate1=861&cate2=873&cate3=959&cate4=0&pcode=7892860&cmpnyc=PO30C&safe_trade=4&fee_type=A&link_pcode=124404&package=0&setpc=0&r=16678526102496,피시포올,https://img.danawa.com/cmpny_info/images/PO30C_logo.gif,4.8,37,인텔 ( 제조사 웹사이트 바로가기),,인텔(소켓1151v2),,인텔(코어i5-9세대),95W,4.6GHz
8062711,인텔 코어i7-9세대 9700F (커피레이크-R) (정품),https://img.danawa.com/prod_img/500000/711/062/img/8062711_1.jpg?shrink=330:330&_v=20200429104114,436600,https://prod.danawa.com/bridge/loadingBridge.html?cate1=861&cate2=873&cate3=959&cate4=0&pcode=8062711&cmpnyc=TH201&safe_trade=4&fee_type=T&link_pcode=3943116635&package=0&setpc=0&r=16678530013471,11번가,https://img.danawa.com/cmpny_info/images/TH201_logo.gif,4.7,150,인텔 ( 제조사 웹사이트 바로가기),,인텔(소켓1151v2),,인텔(코어i7-9세대),65W,4.7GHz
11479776,인텔 코어i7-10세대 10700K (코멧레이크S) (벌크),https://img.danawa.com/prod_img/500000/776/479/img/11479776_1.jpg?shrink=330:330&_v=20200707160542,444160,https://prod.danawa.com/bridge/loadingBridge.html?cate1=861&cate2=873&cate3=959&cate4=0&pcode=11479776&cmpnyc=PV203&safe_trade=4&fee_type=A&link_pcode=5565674840&package=0&setpc=0&r=16678527331398,컴오아시스,https://img.danawa.com/cmpny_info/images/PV203_logo.gif,4.8,26,인텔 ( 제조사 웹사이트 바로가기),,인텔(소켓1200),,코어i7-10세대,125W,5.1GHz
6020667,인텔 코어i5-8세대 8500 (커피레이크) (정품),https://img.danawa.com/prod_img/500000/667/020/img/6020667_1.jpg?shrink=330:330&_v=20200707163244,335250,https://prod.danawa.com/bridge/loadingBridge.html?cate1=861&cate2=873&cate3=959&cate4=0&pcode=6020667&cmpnyc=ED910&safe_trade=4&fee_type=T&link_pcode=5732641510&package=0&setpc=0&r=16678528868767,인터파크,https://img.danawa.com/cmpny_info/images/ED910_logo.gif,4.7,386,인텔 코어i5-8세대,,인텔(소켓1151v2),,인텔(코어i5-8세대),65W,4.1GHz
5530356,인텔 코어i5-8세대 8400 (커피레이크) (정품),https://img.danawa.com/prod_img/500000/356/530/img/5530356_1.jpg?shrink=330:330&_v=20200707163045,343200,https://prod.danawa.com/bridge/loadingBridge.html?cate1=861&cate2=873&cate3=959&cate4=0&pcode=5530356&cmpnyc=TP40F&safe_trade=4&fee_type=T&link_pcode=P6188046644&package=0&setpc=0&r=16678528476435,쿠팡,https://img.danawa.com/cmpny_info/images/TP40F_logo.gif,4.8,224,인텔 코어i5-8세대,,인텔(소켓1151v2),,인텔(코어i5-8세대),65W,4.00GHz
10072065,인텔 코어X-시리즈 i9-10900X (캐스케이드레이크) (정품),https://img.danawa.com/prod_img/500000/065/072/img/10072065_1.jpg?shrink=330:330&_v=20200429110133,912990,https://prod.danawa.com/bridge/loadingBridge.html?cate1=861&cate2=873&cate3=959&cate4=0&pcode=10072065&cmpnyc=TH201&safe_trade=4&fee_type=T&link_pcode=3637298364&package=0&setpc=0&r=16678525209998,11번가,https://img.danawa.com/cmpny_info/images/TH201_logo.gif,4.7,17,인텔 ( 제조사 웹사이트 바로가기),,인텔(소켓2066),,코어X-시리즈,165W,4.5GHz
10187988,인텔 코어X-시리즈 i9-10940X (캐스케이드레이크) (정품),https://img.danawa.com/prod_img/500000/988/187/img/10187988_1.jpg?shrink=330:330&_v=20200429110215,1219360,https://prod.danawa.com/bridge/loadingBridge.html?cate1=861&cate2=873&cate3=959&cate4=0&pcode=10187988&cmpnyc=PV203&safe_trade=4&fee_type=A&link_pcode=5565668349&package=0&setpc=0&r=16678528263727,컴오아시스,https://img.danawa.com/cmpny_info/images/PV203_logo.gif,5.0,3,인텔 ( 제조사 웹사이트 바로가기),,인텔(소켓2066),,코어X-시리즈,165W,4.6GHz
6705214,인텔 코어i5-9세대 9600K (커피레이크-R) (벌크 + 쿨러),https://img.danawa.com/prod_img/500000/214/705/img/6705214_1.jpg?shrink=330:330&_v=20200707161117,245800,https://prod.danawa.com/bridge/loadingBridge.html?cate1=861&cate2=873&cate3=959&cate4=0&pcode=6705214&cmpnyc=EE309&safe_trade=4&fee_type=T&link_pcode=LO1577633699&package=0&setpc=0&r=16678529662331,롯데ON,https://img.danawa.com/cmpny_info/images/EE309_logo.gif,4.8,11,인텔 ( 제조사 웹사이트 바로가기),,인텔(소켓1151v2),,인텔(코어i5-9세대),95W,4.60GHz
7892803,인텔 코어i7-9세대 9700KF (커피레이크-R) (벌크),https://img.danawa.com/prod_img/500000/803/892/img/7892803_1.jpg?shrink=330:330&_v=20190530111734,498650,https://prod.danawa.com/bridge/loadingBridge.html?cate1=861&cate2=873&cate3=959&cate4=0&pcode=7892803&cmpnyc=PO30C&safe_trade=4&fee_type=A&link_pcode=123563&package=0&setpc=0&r=16678527165452,피시포올,https://img.danawa.com/cmpny_info/images/PO30C_logo.gif,5.0,16,인텔 ( 제조사 웹사이트 바로가기),,인텔(소켓1151v2),,인텔(코어i7-9세대),95W,4.9GHz
5627038,인텔 코어i3-8세대 8100 (커피레이크) (병행수입 박스),https://img.danawa.com/prod_img/500000/038/627/img/5627038_1.jpg?shrink=330:330&_v=20211201135314,295220,https://prod.danawa.com/bridge/loadingBridge.html?cate1=861&cate2=873&cate3=959&cate4=0&pcode=5627038&cmpnyc=TP40F&safe_trade=4&fee_type=T&link_pcode=P1086203888&package=0&setpc=0&r=16678529098386,쿠팡,https://img.danawa.com/cmpny_info/images/TP40F_logo.gif,4.9,10,인텔 코어i3-8세대,,인텔(소켓1151v2),,인텔(코어i3-8세대),65W,
4370096,인텔 제온 E5-2630 v4 (브로드웰-EP) (정품),https://img.danawa.com/prod_img/500000/096/370/img/4370096_1.jpg?shrink=330:330&_v=20160823121348,1000000,http://shop.danawa.com/virtualestimate/?controller=estimate&methods=moveEstimateMiniShop&memberId=PP621&productSeq=4370096&serviceId=blog&marketPlaceSeq=33,솔립네트웍스,https://img.danawa.com/cmpny_info/images/PP621_logo.gif,5.0,3,인텔 제온,,인텔(소켓2011-V3),,인텔(제온),85W,3.1GHz
6566789,인텔 코어i9-9세대 9900K (커피레이크-R) (병행수입 박스),https://img.danawa.com/prod_img/500000/789/566/img/6566789_1.jpg?shrink=330:330&_v=20200707160124,1255330,https://prod.danawa.com/bridge/loadingBridge.html?cate1=861&cate2=873&cate3=959&cate4=0&pcode=6566789&cmpnyc=TP40F&safe_trade=4&fee_type=T&link_pcode=P1095277703&package=0&setpc=0&r=16678528107450,쿠팡,https://img.danawa.com/cmpny_info/images/TP40F_logo.gif,4.6,25,인텔 코어i9-9세대,,인텔(소켓1151v2),,인텔(코어i9-9세대),95W,5.00GHz
